Id,Class,Sequence,ACC_ID
1,Cis-Golgi,MSAPDYMQCAEDHQTLLVVVQPVGVIKNENFFKIYNRVSSVCQVNPMNTQRLLSIRYRHQYPVDNNEWGDFQTHRKVVGLICIAECTSARDLPHTILKFEQQKEAYSSTLYDSRLFLFGFQGEMADQSRIDVASYPSYDNCAAVDKRVEDFIQSLFIVLESKRLDRTSEKSGEKIPLLYVPYEKKDFVGLDPDSRHYKKRCQGRMRKHVGDLCLQAGMLQDALVHYHMAVELLRAVNDFVWLGAALEGLCSASVIHHYPGGTGGKAGTQLRQSVTMSADSFKRHRPGAQEVLIDPGALSTNGINMDASTEIGRAKNCLSPDDIIEKYKEAISYYGKSKAAGVIELEACVKAVRVLAIQKKSMDASEFLQNVVYINLRQLSEEEKIQRYSVLSELYELIGFHRKSAFFKRVAAMQCVAPSIVEPGWKACYKLLLETLPGYSLSLDPKDFSKGTHKGWAAVQMRLLHELVYASRRMGNPALAVRHLSFLLQTMLDFLSDQEKKDVAQSLESYTSKCPGTMDPITLPEGLVLPPVPFTKLPIVRSVKLLDLPVILRPQKVKNLLGQKLSTKSPFIYSPIIAHNRSEEKNKKIDFQWVQGDVCEVQLMVYNPMPFELRVETMGLLTSGVEFEYLPAALSLPAESGLYPVTLVGVPRTTGQITVNGYHTSVCGVYSDCLLDNLPGLKNNGCTVEVIPALPRLQISTSLPRSAHVLQPSSGDEVSTHVSVQLYNGETQKVIIKLENIGAEPLEKLEVTSKTVNTKEKFYGDFLSWDLEPTLSQFPLKPGNTATLTVYIKVKLDFSCQENLLQDLSDDGISVSGLQISSPFRHVSKPRVETKPVNQSDSKSSDFSHVKTLEGILNFKYSGGPGHVEGYYRNLSLGLHVDVEPSVFFTRVSTLPATSTRQCHLLFDVFNSTEHELTINAKDNQELILHAGECQRMAIQVDKFNFEGISDAPSEKQNYHNMKEIEEERQHSKGLEINSKLGIRWKIPTLKREGEASVEGVLNQLVLEHLQLAPLQWDVLVDGKPCDCDAIADCKVGDPIHLEVRLTNCSKNAVGPFALTVIPYQDYQNGVHNHELQDIVTFVGSNTFYIGAVQPMDRSVCFGALLFLYTGDFYLDIKFQDDNSNRELPLSWFCLPSVHIRAIDTLNETKF,Q6PA97
2,Cis-Golgi,MSSPSFINKLALPNLATITQYPALTVGLSVFTFLLLVIDLCSNQALSQKFSLYPNAPFEFDLNRLSFYLLFHRGFTHWLLNVVGLFSPLAIFERTNGTVFTGVTLNVLAVTAGLQFCIVGKLLYPNTQVIGLSGVVFSFMSFMAYKEHHTTPVIYTFKYQGSEVSIPTLYSPFIFLIVCMVLIPGSSFWGHLAGISSGYLLALGYIKFLYPPSKAILFIERKLQTPINALRSLVVYYKEEEAIEQRGVSYNPLLSSDPESALNDIPVTTGARTNSFAGEGQVLGAT,Q6BSA9
3,Cis-Golgi,MESNLSAKGIFQHASANASGELFQEPVTEDLEKVMQSKGLYSMEELCSIIQEAYAPRVSVLCSRDADEFAMRKGYPKGFWELLYPFGDRIRGKVNRRGMNGEMLTLENLNLHFVPIDALESHLSEASFPSLRSVLCERYPGLVSPEPPSDYSFGVHYKNVERWAWTLAHEGNYQMPLPVYVRQLLTGIPITPFETFSHPVAHLVVVTSHNPSPFESLRSLINSIPYLSLPAFVFNDINYLFVYVHDEDQHDLELSMAIFDTMKQTFGDCGYFLRLHSQKATLDYEHTVPFPTSSWLSAEERLHLLSNTDTEIRLLFESDNESLRRLSSHIAFNGIVSYLDKCVRAWDDQYASPRRGITGKLLFASRKYLSSSNASTNSNYFPSSNAYRPFSPEAYLRKLADYSFMLRDYSHANQIYEIASRQYENDGACLYSAASLEMIVITEHILHLKMPYMSLTNTLRINEYMQSAMLNYLNKSFNSYYHAARCFLLLGQFLSCLPAPKVDDAANWNAGLLYSKRLGPVGRAMIFQQTHTLFKSLSYLKTESTDPFSNKRTRKAALWCVLTADAWLRCRIPFRAKPFVEEAKLFYGKIDWKDLKECVAALDEVEVSKQPASNIPSS,Q54YG5
4,Cis-Golgi,MKFVTASYNVGYPAYGAKFLNNDTLLVAGGGGEGNNGIPNKLTVLRVDPTKDTEKEQFHILSEFALEDNDDSPTAIDASKGIILVGCNENSTKITQGKGNKHLRKFKYDKVNDQLEFLTSVDFDASTNADDYTKLVYISREGTVAAIASSKVPAIMRIIDPSDLTEKFEIETRGEVKDLHFSTDGKVVAYITGSSLEVISTVTGSCIARKTDFDKNWSLSKINFIADDTVLIAASLKKGKGIVLTKISIKSGNTSVLRSKQVTNRFKGITSMDVDMKGELAVLASNDNSIALVKLKDLSMSKIFKQAHSFAITEVTISPDSTYVASVSAANTIHIIKLPLNYANYTSMKQKISKFFTNFILIVLLSYILQFSYKHNLHSMLFNYAKDNFLTKRDTISSPYVVDEDLHQTTLFGNHGTKTSVPSVDSIKVHGVHETSSVNGTEVLCTESNIINTGGAEFEITNATFREIDDA,P11655
5,Cis-Golgi,MESNLSAKGIFQHASANASGELFQEPVTEDLEKVMQSKGLYSMEELCSIIQEAYAPRVSVLCSRDADEFAMRKGYPKGFWELLYPFGDRIRGKVNRRGMNGEMLTLENLNLHFVPIDALESHLSEASFPSLRSVLCERYPGLVSPEPPSDYSFGVHYKNVERWAWTLAHEGNYQMPLPVYVRQLLTGIPITPFETFSHPVAHLVVVTSHNPSPFESLRSLINSIPYLSLPAFVFNDINYLFVYVHDEDQHDLELSMAIFDTMKQTFGDCGYFLRLHSQKATLDYEHTVPFPTSSWLSAEERLHLLSNTDTEIRLLFESDNESLRRLSSHIAFNGIVSYLDKCVRAWDDQYASPRRGITGKLLFASRKYLSSSNASTNSNYFPSSNAYRPFSPEAYLRKLADYSFMLRDYSHANQIYEIASRQYENDGACLYSAASLEMIVITEHILHLKMPYMSLTNTLRINEYMQSAMLNYLNKSFNSYYHAARCFLLLGQFLSCLPAPKVDDAANWNAGLLYSKRLGPVGRAMIFQQTHTLFKSLSYLKTESTDPFSNKRTRKAALWCVLTADAWLRCRIPFRAKPFVEEAKLFYGKIDWKDLKECVAALDEVEVSKQPASNIPSS,O74748
6,Cis-Golgi,MPPNITALNTTRARTYVFRLPLFTRVVIIAIVGFWLAGLQSIVDIQQWGALIPDEMGLATLYRMNTFPFIHLNIFHAVMNILALTPLMERFEAEYGTLNCLALFFGPLTTIPAFLYIGLEKFVFGNNVAVMGASMWVFLLLGVEAVKTYKVNPNFVIGTYSIPTWTTPIGVLFAMAVLVPSSSFWGHAAGLVIGYGGMFSSTLNKKEKRQCADVKGVAGLGYVKFLAPPEKILRWIEGKLNLLGRLPHYVSIDQKTYGRFGVLPSNNTPAAASPGVALGLVGSTQRLGP,Q874X5
7,Cis-Golgi,MTIYAFYIYSRKCECVFAHRWKPSDRNSMETLVSQLEQNSIEDDMEKLIFGVVFSLRNMVKKITADQDQFMSYTTSKYKLHFYETPTNLRLIFITNPKIDSLTHVLQQIYTTLYVEFVVKHPLYTHVPPSAEEGGINCEIFRITLDRFVRTLSCF,Q9UT70
8,Cis-Golgi,MADTVLFEFLHTEMVAELWAHDPDPGPGGQKMSLSVLEGMGFRVGQALGERLPRETLAFREELDVLKFLCKDLWVAVFQKQMDSLRTNHQGTYVLQDNSFPLLLPMASGLQYLEEAPKFLAFTCGLLRGALYTLGIESVVTASVAALPVCKFQVVIPKS,O75865
9,Cis-Golgi,MAELHLSFPAYSLCWINNHQMAVGGGGGTTKSGVKNKLKLLSYEDYEPEVGEGHTKFIEHGEIELKHSDDAVMSLGYFKNELIAGINNTIDGKLIDHLRLYGRKDKLFEEKNALRLTDFDNDEQYQRLCLFEPLHDAICISCTNKSFFIISKNDHKVLFEKHGSDVYDVSSTEDKLAIAVDDRVEIYDWNTFELVQVLYMPVERATVRGVSFLPNQSIVAAYNYIKDSKRFASLVRFDYSSKNQLWRFGMIRDLKNAKGVTCFCCDKENGMIIVAGADCSIRFMSLDLTKLSQVYKHSLPVTDMQLSPDSEALVSVSADGLLCLQFVGKFKNLSAVKLEDAGVILRLSLMFPFVLAILYFYLQLLFPDEKLDAIHRFFSFILHIFSKYTIRNYDL,Q10659
10,Cis-Golgi,MILGRSKEFILKLPIWTQIITYIAILVYALSFFGISTGVLSLSWIGLLQKRQLYEIITYVTLHLSMLHIVFNFVSLLPAMSQFEKKQGTLACILVTVIPYTLFPGIMHLIVYHFFLRKDYVSIAGLSGWAFAFISASCVHSPQRLISFFNLFSIPAYCFPIIYLIMTTILVPKASFIGHASGAVMGYCTPFMLGSIPLKSWAQNVDPIFQSWVKNYHSFDQLSHAQLPIAEPLSTFSSFPGKGTRLGG,O74926
11,Cis-Golgi,MTAYAAIIGTKDNPVYELEMGPINEKLDRSLNSHLNQFIVHSSLDIVDQLQWTSNAFYMKTIDQFHEMYISAYVTPSNMRFMLLHQNQSADNIKLFFQELHELYIKTLMSPFYQPNQPIRSQAFDLKVRSIARRYL,Q9USZ5
12,Cis-Golgi,MEARFTRGKSALLERALARPRTEVSLSAFALLFSELVQHCQSRVFTVAELQARLAALGRQVGARVLDALVAREKGARRETKVLGALLFVKGAVWKALFGKEADKLEQANDDARTFYIIEREPLINTYISVPKENSTLNCASFTAGIVEAVLTHSGFPAKVTAHWHKGTTLMIKFEEAVIARDRALEGR,Q2NL13
13,Cis-Golgi,MNIKQFFVPAGKPLSGLAVGLSIFLTALFLVNNLVYPINEHLLLKPDSLFKFDLNRISLYPLAHLSFFHLFFNVISTFSMIVMFEESHGTLYTGVILNLLAVFTAIPYCLIGSLLFPNVEIGGASGWFFSFLGYFAVKESRVRNSVMITSTFSFPTLYFPVALLFVTALLAPGSSLPGHAIGLLLGYFMGLKENWVAKITPPSFVLKKIETWVDPLINLIPFGIKYYREVEVDRSLEYTSVYLGSESRLPLHNTDTPAEPTFQGNGRVLGN,Q6CR06
14,Trans-Golgi,MKLSWSLFCGLASLALSQFDEAPPSQSDYFVRHIPGLDSVDNYTMHSGNILTDAAHNGNLFFWLVEAQYKITERPKTIVWFNGGPGCSSMDGALLEVGPFRIVDDKLRVDPNKGSWHKYANVLFVDQPYGTGYSYSDTDSYLTGLGQVGDEMDSFMTQFLKLFPERAHDDFYLAGESYAGQYIPYIATKLQQTRTVDLKGLLIGNGWMDPANQYYQYVPYALDYGVIEKTEEHVKDLKELTDTCERAINIAKDKNNGRLPVHIRACEDIMNGIVELSRNERSAPESEGICVNYYDVSKEDKWPSCGMNWPEILPYVTDWLRQDATVQALNVNNDKQESWQECNGAVGSRMRQGNDDAAVYLLPDLLESMEILFFNGDRDLICNHYGNERMIEQLEWNGKKGWTEGLELDDWVVDGVSKGKKQSDRNLTYVRIYNASHMVPYDEPEACLTMLNDFIGVSKALSDLSGNKPGRGSENPSDLDDQKSGDQKSDDDSSSDDDDDAEHDKKIASDAMWKAYYQAGFTALIVVLIILGLAGFLFWRKNRGHIYQEETSLLGSCFGGISRWRNSSGGPLSNQQGTFDSRQRLMEPGEYYDLGEIAEEDEDAEELVIRRPEV,Q6CFP3
15,Trans-Golgi,MPKGRQKVPHLDAPLGLPTCLWLELAGLFLLVPWVMGLAGTGGPDGQGTGGPSWAVHLESLEGDGEEETLEQQADALAQAAGLVNAGRIGELQGHYLFVQPAGHRPALEVEAIRQQVEAVLAGHEAVRWHSEQRLLRRAKRSVHFNDPKYPQQWHLNNRRSPGRDINVTGVWERNVTGRGVTVVVVDDGVEHTIQDIAPNYSPEGSYDLNSNDPDPMPHPDVENGNHHGTRCAGEIAAVPNNSFCAVGVAYGSRIAGIRVLDGPLTDSMEAVAFNKHYQINDIYSCSWGPDDDGKTVDGPHQLGKAALQHGVIAGRQGFGSIFVVASGNGGQHNDNCNYDGYANSIYTVTIGAVDEEGRMPFYAEECASMLAVTFSGGDKMLRSIVTTDWDLQKGTGCTEGHTGTSAAAPLAAGMIALMLQVRPCLTWRDVQHIIVFTATRYEDRRAEWVTNEAGFSHSHQHGFGLLNAWRLVNAAKIWTSVPYLASYVSPVLKENKAIPQSPRSLEVLWNVSRMDLEMSGLKTLEHVAVTVSITHPRRGSLELKLFCPSGMMSLIGAPRSMDSDPNGFNDWTFSTVRCWGERARGTYRLVIRDVGDESFQVGILRQWQLTLYGSVWSAVDIRDRQRLLESAMSGKYLHDDFALPCPPGLKIPEEDGYTITPNTLKTLVLVGCFTVFWTVYYMLEVYLSQRNVASNQVCRSGPCHWPHRSRKAKEEGTELESVPLCSSKDPDEVETESRGPPTTSDLLAPDLLEQGDWSLSQNKSALDCPHQHLDVPHGKEEQIC,Q16549
16,Trans-Golgi,MAGIELERCQQQANEVTEIMRNNFGKVLERGVKLAELQQRSDQLLDMSSTFNKTTQNLAQKKCWENIRYRICVGLVVVGVLLIILIVLLVVFLPQSSDSSSAPRTQDAGIASGPGN,O95183
17,Trans-Golgi,MSSELQISPAIHDPQGQEKQQQAAGVGILLQIMMLVLSFVLGHVLRRHKFYYLPEASASLLIGLIVGGLANISNTETSIRTWFNFHDEFFFLFLLPPIIFQSGFSLQPKPFFSNFGAIVTFSVLGTFVASMVTGLLVYLGGVMFLMYRLPFVECLMFGSLISATDPVTVLSIFQELGSDVNLYALVFGESVLNDAMAISLYRTMSLVRSHSSGQNFFMVIVRFLETFVGSMSAGVGVGFTSALLFKYAGLDVDNLQNLECCLFVLFPYFSYMLAEGLSLSGIVSILFTGIVMKHYTYSNLSANSQRFVSAFFHLISSLAETFVFIYMGFDIAMEKHSWSHLGFIFFSILFIVIARAANVFGCGYLVNLARPAHRKIPMTHQKALWYSGLRGAMAFALALQSVHDLPEGHGQTIFTATTAIVVLTVLLIGGSTGTMLEALEVVGDSHDTSLGDGFEVVNSRYMTSYDDEDTPPGSGFRTKLREFHKSAASFTELDRNYLTPFFTSNNGDYDDEGNMEQHHEERIPFTRRGNLNNRG,Q8RWU6
18,Trans-Golgi,MASSSDPWMREYNEALKLSEDINGMMSERNASGLTGPDAQRRASAIRRKITILGTRLDSLQSLLVKVPGKQHVSEKEMNRRKDMVGNLRSKTNQVASALNMSNFANRDSLFGTDLKPDDAINRVSGMDNQGIVVFQRQVMREQDEGLEKLEETVMSTKHIALAVNEELTLQTRLIDDLDYDVDITDSRLRRVQKSLALMNKSMKSGCSCMSMLLSVLGIVGLALVIWLLVKYL,Q94KK7
19,Trans-Golgi,MLESLAANLLNRLLGSYVENFDPNQLNVGIWSGDVKLKNLKLRKDCLDSLNLPIDVKSGILGDLVLTVPWSSLKNKPVKIIIEDCYLLCSPRSEDHENDEEMIKRAFRLKMRKVSEWELTNQARILSTQSENKTSSSSSEKNNAGFMQSLTTKIIDNLQVTIKNIHLRYEDMDGIFTTGPSSVGLTLNELSAVSTDSNWAPSFIDITQNITHKLLTLNSLCLYWNTDSPPLISDDDQDRSLENFVRGFKDMIASKNSTAPKHQYILKPVSGLGKLSINKLGSTEEQPHIDLQMFYDEFGLELDDTEYNDILHVLSSIQLRQITKKFKKARPSFAVSENPTEWFKYIAACVINEIHEKNKMWTWESMKEKCEQRRLYTKLWVEKLKLKNLEAPLRDPIQEAQLSELHKDLTYDEIILFRSVAKRQYAQYKLGMTEDSPTPTASSNIEPQTSNKSATKNNGSWLSSWWNGKPTEEVDEDLIMTEEQRQELYDAIEFDENEDKGPVLQVPRERVELRVTSLLKKGSFTIRKKKQNLNLGSIIFENCKVDFAQRPDSFLSSFQLNKFSLEDGSPNALYKHIISVRNSSKDQSSIDNHATGEEEEEDEPLLRASFELNPLDGLADSNLNIKLLGMTVFYHVHFITEVHKFFKASNQHMETIGNIVNAAEATVEGWTTQTRMGIESLLEDHKTVNVSLDLQAPLIILPLDPHDWDTPCAIIDAGHMSILSDLVPKEKIKEIKELSPEEYDKIDGNEINRLMFDRFQILSQDTQIFVGPDIQSTIGKINTASSTNDFRILDKMKLELTVDLSILPKAYKLPTIRVFGHLPRLSLSINDIQYKTIMNLIANSIPSMIDDEENNGDYVNYSSGSEKEMKKQIQLQLKNTLKALENMQPLQIEQKFLELHFDIDQAKIAFFQCIKNDSRNSEKLVDILCQRLNFNFDKRAKEMNLDLRVHSLDVEDYIELTDNKEFKNLISSGVEKVTRSQKDLFTLKYKRVQRIVPHNDTLIELFDQDIVMHMSELQLVLTPRSVLTLMNYAMLTFTDPNAPEMPADVLRHNKEDRDDAPQKINMKIKMEAVNVIFNDDSIKLATLVLSAGEFTMVLLPERYNINLKLGGLELTDETNESFSRDSVFRKIIQMKGQELVELSYESFDPATNTKDYDSFLKYSTGSMHVNFIESAVNRMVNFFAKFQKSKVSFDRARLAAYNQAPSIDAVNNMKMDIVIKAPIIQFPKLVGTQENNYDTMRFYLGEFFIENKFSVIDESHKINHIKLGVREGQLSSNLNFDGSSQQLYLVENIGLLFNIDRDPLPQDDTPELKVTSNFESFALDLTENQLTYLLEISNKVSSAFNITDENSGESGGKGEIKSPSPDPASLSSESERTATPQSLQGSNKSNIKNPEQKYLDFSFKAPKIALTLYNKTKGVTSLNDCGLTRIMFQDIGCSLGLKNDGTVDGQAHVAAFRIEDVRNIKDNKHTELIPKSKNKEYQFVANISRKNLEVGRLLNISMTMDSPKMILAMDYLVSLKEFFDAIMSKSHENNLYYPENTNQKPENKAIVESVQEGGDVTKIQYSVNIIETALILLADPCDMNSEAISFKIGQFLVTDQNIMTVAANNVGIFLFKMNSSEEKLRLLDDFSSSLTIDKRNSTPQTLMTNIQLSVQPLLMRISLRDIRLAMLIFKRVTTLLNKMTEKEDNGEEEESTDKIQFSHEFERKLAVLDPSILGERSRASQSSDSESIEVPTAILKNETFNADLGGLRFILIGDVHEMPILDMNVNEITASAKDWSTDFEALASLETYVNIFNYSRSSWEPLLEMIPITFHLSKGHSEMDPAFSFDILTQRIAEITLSARSIAMLSHIPASLTEELPLASRVSQKPYQLVNDTELDFDVWIQDKTTEDNKNEVVLLKANTSLPWEFEDWRSIREKLDIDKSKNILGVCVSGQNYKTIMNIDATTEGENLHVLSPPRNNVHNRIVCEARCDENNVKIITFRSTLVIENTTSTEIELLVDSKDPNKPSLKYAIKPHQSKSVPVEYAYDSDIRIRPASEDIYDWSQQTLSWKSLLSNQMSIFCSSKEDSNQRFHFEIGAKYDEREPLAKIFPHMKIVVSASMTIENLLPADINFSIFDKREEKRTDFLKTGESMEVHHISLDSFLLMSVQPLQDEASASKPSIVNTPHKSPLNPEDSLSLTLSGGQNLLLKLDYKNIDGTRSKVIRIYSPYIIMNSTDRELYIQSSLLNIAQSKILLENEKRYTIPKMFSFDKEDDKSNRARIRFKESEWSSKLSFDAIGQSFDASVRIKNKEQESNLGINISEGKGKYLLSKVIEIAPRYIISNTLDIPIEVCETGSMDVQQIESNITKPLYRMRNIVDKQLVLKFLGGDSNWSQPFFIKNVGVTYLKVLKNSRHKLLKIEILLDKATIFIRIKDGGDRWPFSIRNFSDHDFIFYQRDPRKVSDPYKDDQSNESSSRSFKPIFYRIPSKSIMPYAWDFPTAKEKYLVLESGTRTREVRLAEIGELPPLRLDKRSKDKPAPIVGLHVVADDDMQALVIVNYKANVGLYKLKTASATTTSSVSVNSSVTDGFVQKDEDEKVNTQIVVSFKGVGISLINGRLQELLYINMRGIELRYNESKAYQTFSWKMKWMQIDNQLFSGNYSNILYPTEIPYTEKEIENHPVISGSISKVNDSLQAVPYFKHVTLLIQEFSIQLDEDMLYAMMDFIKFPGSPWIMDSRDYKYDEEIQLPDVSELKTAGDIYFEIFHIQPTVLHLSFIRSDEISPGLAEETEESFSSSLYYVHMFAMTLGNINEAPVKVNSLFMDNVRVPLPILMDHIERHYTTQFVYQIHKILGSADCFGNPVGLFNTISSGVWDLFYEPYQGYMMNDRPQEIGIHLAKGGLSFAKKTVFGLSDSMSKFTGSMAKGLSVTQDLEFQRVRRLQQRINKNNRNALANSAQSFASTLGSGLSGIALDPYKAMQKEGAAGFLKGLGKGIVGLPTKTAIGFLDLTSNLSQGVKSTTTVLDMQKGCRVRLPRYVDHDQIIKPYDLREAQGQYWLKTVNGGVFMNDEYLSHVILPGKELAVIVSMQHIAEVQMATQELMWSTGYPSIQGITLERSGLQIKLKSQSEYFIPISDPEERRSLYRNIAIAVREYNKYCEAIL,Q07878
20,Trans-Golgi,MREVILAVHGMTCSACTNTINTQLRALKGVTKCDISLVTNECQVTYDNEVTADSIKEIIEDCGFDCEILRDSEITAISTKEGLLSVQGMTCGSCVSTVTKQVEGIEGVESVVVSLVTEECHVIYEPSKTTLETAREMIEDCGFDSNIIMDGNGNADMTEKTVILKVTKAFEDESPLILSSVSERFQFLLDLGVKSIEISDDMHTLTIKYCCNELGIRDLLRHLERTGYKFTVFSNLDNTTQLRLLSKEDEIRFWKKNSIKSTLLAIICMLLYMIVPMMWPTIVQDRIFPYKETSFVRGLFYRDILGVILASYIQFSVGFYFYKAAWASLKHGSGTMDTLVCVSTTCAYTFSVFSLVHNMFHPSSTGKLPRIVFDTSIMIISYISIGKYLETLAKSQTSTALSKLIQLTPSVCSIISDVERNETKEIPIELLQVNDIVEIKPGMKIPADGIITRGESEIDESLMTGESILVPKKTGFPVIAGSVNGPGHFYFRTTTVGEETKLANIIKVMKEAQLSKAPIQGYADYLASIFVPGILILAVLTFFIWCFILNISANPPVAFTANTKADNFFICLQTATSVVIVACPCALGLATPTAIMVGTGVGAQNGVLIKGGEVLEKFNSITTFVFDKTGTLTTGFMVVKKFLKDSNWVGNVDEDEVLACIKATESISDHPVSKAIIRYCDGLNCNKALNAVVLESEYVLGKGIVSKCQVNGNTYDICIGNEALILEDALKKSGFINSNVDQGNTVSYVSVNGHVFGLFEINDEVKHDSYATVQYLQRNGYETYMITGDNNSAAKRVAREVGISFENVYSDVSPTGKCDLVKKIQDKEGNNKVAVVGDGINDAPALALSDLGIAISTGTEIAIEAADIVILCGNDLNTNSLRGLANAIDISLKTFKRIKLNLFWALCYNIFMIPIAMGVLIPWGITLPPMLAGLAMAFSSVSVVLSSLMLKKWTPPDIESHGISDFKSKFSIGNFWSRLFSTRAIAGEQDIESQAGLMSNEEVL,P38995
21,Trans-Golgi,MPLLDPREVLLRRGIPIPAAASFHVPGLPDLHAESSSSTALAHPLQMSAGYLPARPIEADGQPKDNAHLFFLLLRARHVPAKRKLIIWFNGGPGCSSFDGAMMEVGAWRMDGKGGLVWVKDGASWNEYADILFLDQPAGTGFSYVNTNAYTKSLPQAADEVVHFLEQFVQVYPEYSRDVELEYGSQGSGVDVYLAGESFAGQYIPYTAKAIVKSPKPPVSLKGIAIGNGFIDPKSQYGTELETMVQKNIWTTSSGEYKHVAGLVKACHEELDKSNQREIGKCELILQTIIASTTTKTQGASGYTCINVYDVRLSDSSPACGMNWPTTLPAMYDYLRRPDVRKALHVDEHHKPEAWVECNANVGSAMRTDTTSPPSVQLLPELLDSGVKVLLFAGEEDLICNAIGVQRAAENLEWGGAKGFDDKQPAQDWYVNGTHAGTWRTARNLTYVGIKGASHMVGVDKPIESHDMIVRFMGIDYMKVAGPNALIPSRVGNEPDRVLITGGGGGIAQIGKDGSRVIPGSGKTEEEVAEEARWRAYYDAGSFALMVLLIAVGIGTWLLLRARKQRRLNRNRIGRGGALRLATTTELGASRSTTGNGDTDETSNNHELERLVGGKHVEDDDDDVEEHIFNVGDEDLSDSNGENGPPVVKARHTGSQR,Q4P8U8
22,Trans-Golgi,MSLSFLLRVAGLFFLQFNSAQAKSQVHEQWHVSSIPNVPAGYTGSLHSGYLNLTDKLEGDLFFTLYGSENEVHQNRTIIWLNGGPGCSSEDGSMLELGPLRLTNDSLVYYNAASWVRLGNVLFVDQPMGTGFSFADTRDAILNDNEKMSNDFAYFLQEFVKAFPEYATDTWYIAGESFAGQYIPAIAKKVIDSDIVNLSGIAIGNGWIEPASHYLTYLDYLVERGLLERGSALFEALTAVQAKCLMSLEQSASGMLEDENSCDKYLFDILFSVSDKSGEFCFNMYDVTLTSPYPSCGMEWPLELPALTDFLSSPDVMKALHVASDKVSRWEECSSLVSNFYADTNVFRTRFTIAELLEEIPVMLFYGENDFLCNYVSGEFLISNLEWSGKRGFENASNADWYPRYSEANTLEYGQYAAAAGIIHSERNLTYATIRNSSHMVPYDHPYEMLALVSAFFDNDFSQILMLPDPVTIVPNHSFLSIFLWVMAGILAFSAIGAICYYSYRHIRSRYDSYTPIQEESA,B6K7U7
23,Trans-Golgi,MRFQVALLLLSVAVARALPPVYKRDADSGDSQNPPNQPSKQSSTPLPPESSNQVKTTRPTDGQGQKSDKKDQDKTTLAAVSSKAESGPPTAATDHSLGDSRRQPEKTDAELKETARPLSPVNPKLEKSDQSSTEDSGKPTGGNSGKPTGGDSGKPTGGDSDKPTEAGSNKATEDDSGKSTKVDLDKPTSKIFPDTETSKTDKVQPTEKGQKATLTSKTESGETLAGDSDFSLKPEKGDKSSEPTEDVETKEIEEGDTEPEEGSPLEEENEKVSGPSSSENQEGTLTDSMKNEKDDLYKDSSGNTSAESSHFFAYLVTAAVLVAVLYIAYHNKRKIIAFALEGKRSKVTRRPKASDYQRLNLKL,Q62314
24,Trans-Golgi,MAPPAASQRYPSPSQPSGKSEVSDLKTQLRQLAGSRAPGVDDSKRDLYKKVISYMTIGIDVSSVFGEMVMCSATSDIVLKKMCYLYVGNYAKGNPDLSLLTINFLQRDCKDEDPMIRGLALRSLCSLRVPNLVEYLVGPLGSGLKDNNSYVRTIAVTGVLKLYHISPSTCIDADFPATLKSLMLHDSDAQVVANCLSALQEIWSLEASHSEEACREKESLLSKPVIYYFLNRIKEFNEWAQCLILELAVKYVPSDSNDIFDIMNLLEDRLQHANGAVVLATVKVFLQLTLSMTDVHQQVYERIKSPLLTLVSSGSPEQSYAILSHLHLLVVRAPFIFAADYKHFYCQYNEPSYVKKLKLEMLTAVANESNTYEIVTELCEYAANVDIAIARESIRAVGKIALQQYDVNAIVDRLLQFLEMEKDYVTAETLVLVKDLLRKYPQWSHDCISVVGGISSKNIQEPKAKAALIWMLGEYAQDMSDAPYVLENLIENWEEEHSAEVRLHLLTAAMKCFFKRAPETQKALGTALAAGIADFHQDVHDRALFYYRVLQYDVHVAERVVSPPKQAVSVFADTQSSEIKDRVFDEFNSLSVIYQKPSYMFTDKEHRGPFEFSDEVGNISITPEASSDIVPAQQYEANDKDLLLGIDEKDENKGVSNNNGSAYTAPSLESSSNITSQMQELAISGPATSATTPQSFGFDDLFGLGLSTAPAPTPSPPLLKLNARAALDPGAFQQKWRQLPISLTQECSVNPQGIAALTVPQSLIKHMQSHSIHCIASGGQSPNFKFFFFAQKESEPSNYLTECIINTSSAKAQIKVKADEQSTCQAFTTVFETALSKFGMP,Q9LDK9
25,Trans-Golgi,MAASAIFLMDSKGKVLISRNYRGDVPMSVASKFISKILEEEDLNLKPIIQEDGISYIYVKHNNLFLLATTERNANAATILLFLYKMIEVFNEYFKELEEESIRDNFVVIYELMDEMMDFGYPQSTEPKILQEYITQEGYKLERGARGMVLPAAITGAVSWRKEGIKYNKNEVFLDVVESINLLVSANGTVLRSEIVGAVKMKSKLSGMPELRLGLNDKILFENSAKTGAPKGKGVELEDVKFHQCVRLSKFENDRTISFIPPDGEFELMSYRLNTTVKPLIWVECISDTHAHSRVEYMVKAKSQFKGKSIANNVEIIVPVPPDADTPKFRCTVGTCKYAPEKDAIIWTIKQFPGGGREFLMRAHFGLPSISDEKPATKPPIMVKFEIPYYTVSGIQVRYLKIIEKSGYQALPWVRYVCLSGDYQFRTS,Q54HS9
26,Trans-Golgi,MEQLKTIGRELAMGSQGGFGQSKEFLDLVKSIGEARSKAEEDRIVLSEVDILKRRLLEPDIPKRKMKEYIIRLVYIEMLGHDASFGYIYAVKMTHDDNLLLKRTGYLAVTLFLNEDHDLIILIVNTIQKDLRSDNYLVVCAALNAICRLINEETIPAVLPQVVELLNHQKEAVRKKAIMALHRFHRKSPSSVSHLVSNFRKRLCDNDPGVMGATLCPLFDLISEDVNSYKDLVSSFVSILKQVTERRLPKSYDYHQMPAPFIQIKLLKIMALLGSGDKNASDIMSMVLGDLFRKCDSSTNIGNAILYECIRCISCILPNPKLLEAAADAISKFLKSDSHNLKYMGIDGLGRLIKISPDIAEQHQLAVIDCLEDPDDTLKRKTFELLYKMTKSSNVEVIVDRMIDYMISINDNHYKTEIASRCVELAEQFAPSNQWFIQIMNKVFEHAGDLVNIKVAHNLMRLIAEGFGEDDDDADSKLRLSAVESYLQLISEPKLPSLFLQVISWVLGEYGTADGKYSASYISGKLCDVADAYSSDETVKGYAVSALMKIYAFEIASGRKVDVLPECQSLIEELLASHSTDLQQRAYELQALLALDARAVETILPLDASCEDIEVDKDLSFLNGYIQQAIESGAQPYISERERSGMFETTDYHPQDHHEVPTHALRFEAYELPKPSVPPQASNELVPVPEPSYYSESHQPISTSLVSERESSEIKLRLDGVKQKWGRPSYQSTTAASSTTPQAANGISTHSDAGVGSSSSKPRSSYEPKKPEIDPEKQRLAASLFGGSSSRTDKRSSSGGHKPAKGTANKTATVPKENQTPVQPPPDLLDFGEPTATTATAMDPFKELEGLMDSSSQDGGSSDVMGLYSDAAPVTTTTSVDSLLSELSDSSKGNSRTYQPQTSKGPNTKEALEKDALVRQMGVNPTSQNPTLFKDLLG,Q8L7A9
27,Trans-Golgi,MSSAKRRLYSLIQNATEPYAFEPDLAVNLDIADLINQTGGNLPREAAFAIVRKVNDRNPTVAYLALNLLDICVKNCGYAFRLQIASKEFLNELVRRFPERPPSRLNKIQVMILSLIEEWRKTICRVDRYKEDLGFIRDMHRLLSYKGYTFPEIDKENLAVLSQKSVLKTAEELEKEDREAMSAKLQELIRRGTPADLAEANKLMKVMAGYDTEQKQKYKEHVLVDLEKVKRKAALFGEMLNEVSESDKLASGDLYDELAYSLKAAQRKVDKILEEMSPEDDSYVTVSDLKSLIASLLTQYDHLLEGDFSSARTVAADNNSLLQATTESAKSNSKTSANASNTQSAMDLLIDLDIGSDAQSPSLPASSSQMPTSSFNMESLSQSLLGTVEAPAEVGAISLTESFNSPVSNSSPNVPINNFTSTCAFENSHLNFQITPKSKTRDQVVLLATYTNLSPYDTVENLQSFIAVPKKYNLVLQPQSGTNLSPLQKDGIYQEMIVTKLLDVTELPVRFKLTYKVNGRSQEYTGQSSIRLL,P87157
28,Trans-Golgi,MSSFQSATTRQGLHRRNMNSETPQSEFIQRLRRSPPSESSSSTPSSSTTTSSTTTTSNTSGKKKKTAPSASDFYVPSLPGQPKDSQLILYAGHLSFSPPDTTIEPEKDSYGFFFLNKARHIANRPVLLVWLNGGPGCSSFDGSLMEVGPLRMVLKGDGTLKEVDAAWNEYANMLFIDQPTGTGYSYGPKPNYVHELDVSSANLVNLLARFFKIFPEYQQMDLYICGESFAGQYIPYLAQAILDTNIISAPLKGIMIGNGWIDPINQYLAYPEFAFKVGLVNPSSKAADLVNEELKKCTEWIDSNSTTPIHIEACEGILSAITDSTVQTVNSQKMCLNMYDVRLVDSYPACGLTWPPDLADITPYLSRTDVKQALHAQDHAADWVECEAKVGNNFWAKTSQPSVTLFPKLLDKIKILLFSGDQDLRLSFLPQSLTVQPKSSQAINQPWKVNGSYAGLWKEERNLTYVLVANASHMAPYDVPYVTQDMLVRFLGIDVMTAAGPAAQITSRIGEETATKVNRVVMNETKLGQEGSGTTGLAMTSGPVHDENYYNASSAMLFLTLVGLVVGLIFFVRRRLRRDGHGDFAHHPSDETEIILKNHHHHHLSPDSSLPRSARDRQFQPVPTDDLDDHHLHPNLPSNNTSYQDLPR,E3L8A5
29,Trans-Golgi,MSNICWICNDTCDERNNFCICSEEYKIVHLKCMQSWINYSKKVECDLCKNKYNIKKSYHYFSRWKWCFSDKKTVLSKILFIFFAVGFIFITTSMSSNVASLVTRIDDTFFDVVFLTVYISMILVTVCLCVFVLALAVDFLLDAKEKNSFLTIKEIV,Q6TV02
30,Trans-Golgi,MITQNSIPEVKEDFIGYALHERRIRLPQFQDLGPADLVTLTKYLPTSSNTNAINSTSRNGAAIIQSPAAVVADDSAASMATNGDASDTAVTTNYTNASIYSSSRNANDGAPMVAELHPLDKLKDEVGTFFYSMGVDTSGPTSIAIFLKEISEVISEKPQVWFGRKKTFNVARISFSTWNAFRRCDINVVVHIPGSIQNFIVDCNGESQNIEMCADYDLIWAETFVSGVVRSIMLMKENAEEGELQNLVETLILNPFTAGQIDDVPEMFIDLFPIVYHKGPLLGAPYYITNVTNTNNYLVETLVEIVKLTRNVSRAEIMLKNLATDNPEAIIILIKIFLVCDQELDAIKLTYDMLSQDKIINNTNNRMDYKSELLCLQAQFLIDKRQDYSLAQNIAQEAVNCSPSEFRPWYLLSKVYVKLNDIENALLILNSCPMSPLKEKYVLKRVAPLPSNNSLHLPLPIDVVLDEVTSLNPQDVQNEHRSADPMLVNLAASNLKSTFQLAYRLLTEIVQITGWENLLKYRSNIFVMEEEYQKSSSSLPKDVNKQEEQPLRAKRLCERWLDNLFMLLYEDLKMYTLWQTEQLYMDAQNNNHNKLTFEWELFGLCARRLGHFPEAAKAFQNGLSQRFSSRCARKLLEYCINERQRVKNFINSPNSHDMVPEIVSSRIRELDNSIIDLCVKICCWNHRWYTEFSISLLDCLSVVIQDMSLTKVSNEISSRYPETVLNLVQENLLNFFTTCTIGCYDA,Q08754
31,Trans-Golgi,MYTTTLSVQGMTCTSCVASIQSMLEGVEGIEQFTISLLLERAIAVHDPSIISPDQIAEKIEDCGFDASVISSTEGEHGVMANYLLLSPMQAEQWTKVHNHINELQGVLSVNCSSSPDAAIRVIYDSEITGPRSIMKEILSMGVKCTFQPVDSSTSRILSLQRGSQIRVWKIRFIISISFSLAVMFLPQIFDSCDSMRAAFLVPHYFGICAGHIISLVLSLPVQFGVGRVYYSAAYHALKRGTANMDVLVSLGSTVAFAASIFFMILYSARHADNPAPIFFDTADMLLTFVTLGRYLESKAKGSTSAALSQLLSLAPSSATIIEDNEQIEILADLIERGDLILVKPGEIIPVDGTVVEGSSYVDESSVSGEPVPVHKTIDDELLSGTANGNGRLLVKATKSPRESQLAVIVDLVQRAQISHAPIQQFADRVAGIFVPVIVALSISTFTFWFLFTKYSSKYPSVFDDPMGKFAVCLKLTISVVVVACPCALGLSTPTAVMVGTGVGALNGIIIKGGEILERLNQVDTVVFDKTGTLTVGKLSVTDISIVDNLEELLDIPKNIFWAFVKASESSSEHPIGKAITEKASEFTDVSEIGIESFNAVPGEGVDVVLRWKERTFHALLGNSLLLEHNNVSIPDDFDSKLKLSSSSGLTCVRIAIDGQFVGFLGCMDQVRPDSYQTVSALKQLGKKVCLLTGDQKATARRVAQGLEIDFSDVYAEAVPSQKAEIIQKLKDQKHCVAMVGDGINDSPSLVLADVGIAPINGSGIALESADVILVRKGVLLDTAVSFDLSRVIVKRIKMNLVWACIYNFVMIPIAMGFFLPWGIYLNPMWASAAMMFSSLSVLASSLLLRRWKKPKSLIFSEADDVETESSTNSSVLQKVYTATRSIFGRNKSSNKYQPVANEV,O59666
32,Trans-Golgi,MELRPWLFWVVAAAGALVLLVADARGEKVFTNTWAVHIPGGPAVADRVARKHGFLNLGQIFGDYYHFWHRAVTKRSLSPHRLGHNRLQREPQVKWLEQQVAKRRAKRDIYQEPTDPKFPQQWYLSGVTQRDLNVKEAWAQGYTGRGIVVSILDDGIEKNHPDLAGNYDPGASFDVNDQDPDPQPRYTQMNDNRHGTRCAGEVAAVANNGVCGVGVAYNARIGGVRMLDGEVTDAVEARSLGLNPNHIHIYSASWGPEDDGKTVDGPAHLAEEAFFRGVSQGRGGLGSIFVWASGNGGREHDSCNCDGYTNSIYTLSISSATQFGNVPWYSEACSSTLATTYSSGNQNEKQIVTTDLRQKCTESHTGTSAFAPLAAGIIALTLEANKNLTWRDMQHLVVRTSKPAHLNANDWATNGVGRKVSHSYGYGLLDAGAMVALAQNWTTVAPQRKCTIDILTEPKDIGKRLEVRKTVTACLGEPSHITRLEHAQARLTLSYNRRGDLAIHLVSPMGTRSTLLAARPHDYSADGFNDWAFMTTHSWDEDPSGEWVLEIENTSEANNYGTLTKFTLVLYGTAPEGLPTPPESIGCKTLTSSQACVVCEEGFSLHQKNCVQHCPPGFAPQVLDTHYSTENDVEIIRASVCTPCHASCATCQGPAPTDCLSCPSHASLDPVEQTCSRQSQSSRESHQQQPPPPPRPPPAEVATEPRLRADLLPSHLPEVVAGLSCAFIVLVFVTVFLVLQLRSGFSFRGVKVYTMDRGLISYKGLPPEAWQEECPSDSEEDEGRGERTAFIKDQSAL,Q28193
33,Trans-Golgi,MAILFAVVARGTTILAKHAWCGGNFLEVTEQILAKIPSENNKLTYSHGNYLFHYICQDRIVYLCITDDDFERSRAFNFLNEIKKRFQTTYGSRAQTALPYAMNSEFSSVLAAQLKHHSENKGLDKVMETQAQVDELKGIMVRNIDLVAQRGERLELLIDKTENLVDSSVTFKTTSRNLARAMCMKNLKLTIIIIIVSIVFIYIIVSPLCGGFTWPSCVKK,P51809
34,Trans-Golgi,MFFLTKILPLRGRIFPMFGCLLLIVSLITGCIASPAAEVAETVFDSKPVDFMTFKDSTNTLFLNAEFGDVYLSQDNGQSWRNGVISGQVCPIKKLIKHSFENSRVFALTECDTVYYSYDNGENWDYFTIDHPISITQLPFHFHAKNPDYVIFNNQYCSSSGTWVGKICKPDLYYTKDGFQSDPEPMPVGSSYCIFADSSEKMVVSSEEQIICISLNPNSAARPPFSHHIVYSDDWFQSIVPVQLHNFLGSDGAYGILSTGSFLVAALIDAATRKLFVYVSQDGYYWEEALKFHKGFEFDAFTILPSTEYSFFIDSLDSHPNNPTGILYSLDSESNTFVIRQMNTNRYVDGYTDFMLIDYLDGLQFVNVVENVDEIEVDPQVDKVLSSRITFDGGKTWSTVASPESSCNSMKQCSLHLFLDPHVSHASIASSKFAPGILLASGSVGDRLLSENQMDLFVSEDGGRNWTLSRDGMHLFAMSGFGSIFFASEYLDVINEVYYSLDHGQSWVTVTLDKTIVPIKLFASEDPYAEIFYLLAMTDDGEQSNYSLFSFNFGKFLPKECQFSNSESNKNDFEKWYTRYANGSPICSEMGKKEFFWRKKATSVCSVPKSITDLHGSFDACECTDEDYECNTQFISNDQGECKLLDFIGSLLCASEDLDTFQKIPYRLVPGNKCTPNKRDSHREPQTFNCDSFNEPGTEITSFLYDFDEKIVDVVYLEGTVPEENTFLIGISVNSHVYFSEDEGKTWDKFSKEEFSSVLPHAYNKNSVYMVTSKNIVYFTTNRGKNFYKFKAPSPPNQNGKSLFSFHPSRPAWLLYAGSENCEKNPFADDCRDVVFVSLDFGDTWSRLPSNLEYCSWAKAEKLVVDDTLIFCIRQNTNDPFKKELISSIDFFEYEQDEILNDVVGFMIEDEYVIVAVQDEEGTSLSLDVSINGLNFASCSFPAYLNVHPKQAYTILDSQTHSLFIHVTTNTHLGSEWGDILKSNSNGTYFMTSLANVNRDSVGYVDFERLEGIQGIALANIVSNTKELTDGGTKKLQTLITFNDGLDWSYLNLVGGEKIVPKCGKNCYLHLHGYTERNQFSDPTSTNAAVGLIIGVGSFSPFLIPYEESQTFISRDAGVTWYRIFDSPHLWAFLDSGSIIIAVESISPTNVIKYSADEGRTWQEYQFSEKSKVVVDVSTKPSGVGHQVLLLTTDDENAPISSVLIDFDALYRRTCVFDEENSEESDFVRWVPTDISGKPLCLRGRISSFYRKSIHKKCRVGSSLLVKEEVLSKCECTRADFECDYNYRRLKDGTCVLVSGLQPPDTREEQCSVDDAFEWRQPTGYKRTPLTECEGGVPLDAGTLHPCPGKEDDYYKAHPKPGGWSIFLTIIFSILLAAVAGCILYYYSRRFLKGAIRLGSDSATENPLESGISYTRGAFSSIPIFFSALYQSVRSLFIRSTPTNGEFENAAFLQNYEIDDDDEESV,O42930
35,Trans-Golgi,MSSKLRDLIKTVRSCKTAAEERSQIAKESALIRTAMKEEDLESRQRNVAKLLYIHMLGYPTQFGQMECLKLIVSPSYADKRIGYLGLMLLLDEKQEVLLLATNCIRGDIMNSNQFIVGVSLCAFGNICSTAMARDISPEIEKVISHSNPYIRKKAALCAIRVLRKVPDLTENYIPKIKALLSERNHAVILTALTLIIEICEMDSTQIIHFKKMVPQLVRILKSLTSSGYLPEHDIGGVTDPFLQVKILRLLRILGQNDPEASDAMNDILAQVSTNTDSTKNVGNAILYECVQTIMTIESENGLKVMAINILGRFLLNRDNNIRYVALNTLSRVVNTDIQAVQRHRNTIVECLKDPDVSIRCRALDLIYSLVTESNIRVLVRELLNFLLIADAQFKSELVAKLCIVTEKYAPNKRWQIDTILRVMSIAGNFIPDEVPSNLIQLISSTPELSSYAVQKLYLALKQDITQQPLTQVGLWCIGEYGDLLVADKSQLPKDEDGLSLNVSEQAVIDIIDLIFRHATTTQATRQYSLTSLAKLSSRFSQSSLQRIKTMIDNYKQNINLELQQRACEYSTLFDFDKKASILDRMPPIEKQEESPHIGNKNIPTQTPPQQHYQQQQQQPQQQSSQFGSILDGLDSPTQSSANSGNNNNNNNKQGGNAMSLLEDIFGSAPTPTSNGNMNNNNNMNNMNNNMNNNYAMGGMGMNNNNNNSMGGMMNNNNNNNNNNNNNNNNNKSQASALLDIMGDLQLTPTPQQPQSQSQQALSPTNQTSVLQPVPQPLTFLVYQKHGLNISYECSKPQPNNLSLTNINMVITNTGSSPITNFSLQAAVPKYLKIQLLAPSSTVIPPNNSGEVTQVSKVLNSQQGQKPILLRLKLDFQINGQPFSDVPDTPLPSLF,Q8I8U2
36,Trans-Golgi,MVSKILPGLLKKILGNYIEGLDTLSIPWWKGQIVLENLKFKKELFSSNELPFDLLSGVVKRVVITIPILHFLKDPIVVNIDGVFLLFGPKDIINTFSNYGNDKSNKKDIVIDDNDGGISIDSNSNNNNKKNAPSSSSSNDDFFKKPNLTKEELKKIQIQIDKEQSKESNDGYSADSESFKFRMIKKLLKCIRIQLNNLHICYQDDSTSPGEIFSVGITMESFTFQTTDSQWVPLSKNTSTHQQQQPTFNPYVGSQQQQQQQPQQNTEINYENDSEHNPFMNNKNSDEGISSSSSSSSFNNNNLNIPTLNLNDNYMDSEAYTTNTQPTPKSEQYQQQQQQQQPLGQIVDQIITYKLASIFNFSIYWDSQFGKTRMVTPEDMDVLLMHSIPRQKAKINHKYILQPISGFLKICLTEDSIESVNKEGVFNSIANNFNVSIGLKQIDLQLMDIQYRDMLNLLSFYQDWRRVLRYHKFRPHCRVKGNARIWWHFAFRSIISDFRSKKTEMTWKEIEDSKRVRECYIKLYTEKFIKGKLGRLDQNLIDEIEKKVTYEDIVLFRTIAEKDLKVTKRKDLDQFTESSGWWLGGWLGFQHHHQNNNQDKITLTNEQLTFLERYLKVNLKVLAGKPHSSVSLIFFLNVKRLSISILDWQENHTVVPLANIDITEVNLQMEQSHNTKLKFSAESLDIFDRCSPNTKFENIILEKSRFNSSNINPDNSANSIGSFILDRQISNSEFLNGVYTGVNGTNNNNNKKFIDISIVLNPPEDTTDYFIYFKLEPFYFINSKPFVDTMIPFFTHANQEALDRLKYSFIKKIKILQEYLINELKHLVRNQKVADIKLDIAIPGLVFPESYDREDTMVLVCNMGNLILKTQPHNSEWDSMDFSEINEQDETDEIFVRYCNLLKDRVKWWSDNCPIKKINEPIEKQSYIINYVQQHRQTIENLGTGNGINNNNSGGGGNGGNASNSSEDDGKYPEQDDLDDSKVEKEGFDSCDTDWNKVSVNINNAQFYDGIVLTISDIYVKVCDCTQINNFNYLISPFSLDIFLELCSRPYDLKLPQIKCKAELSELNLQVSDKELYEIAKIVGKNGILEYFMDMDRKSSKELADMYEIVQVKKPKKKSFEVQFSLFSDTKSILNSRKRTKERLVKTTLLRFFFTSNAINMKLNYLDSCTLSLTMDQIRCRSLVKFMQMNIQFDISSIEIKDSNSITPVLSIFPYNLNNNNNNNNNNNNNNNNNNNNNNNRNLNNNNNNNNNNQKPECLNEFPISITAKSISKNSLDYDYIDFVLTLTTQYIRINFPKECVMALIAIIGTVVTNTTNFYETKKSILTVEGSFYQGRVGQFTQSNTTTTTSPRYHHQNHHNHQHKKQNRHRLSTRLETNEFDPNDLKSKITINIPSFGLTLSTIENDLVAFQFEDISIDGIFQLPLIDCELKVRDMKFIDYTGSDGPYPYMLITQKSQSPMVPVVRMHLVCHSNSKTQEWGFSRLINIAVGKIQITFLLQTINLIRLFIHDITSSLKEYCPFLFKVMAIVDDNNKPSSKDNNNNNNNNNNSDSDSDSDTDSSSSSENNYNNNIDLNSPVVEIVKKKKNLTNLEIEIDNNVVIVPKNSRSRSAIRFSVGRILLGLDQMDPTVDAVFVKIYGINMASKYEDSIDPIISDPIKMDIRFIHMFETSLKDKSIEVIIKIDKIHLKLSQYQYNLLYNTYQQNINQSIVPAPPSNSYSTVERQDILLDIRLEFKDFVELNLENEKTNDSRFFSMLIQRPIICCSVWNNGDSDFLIKTTGISVRDKNKLVVVPNGFQEMINITPYDLDVPIKNVINQSINEVFFDIVKMNIDDNGIDINITIEYLSIFFDLPWVSKLITFLSPIIDADYIGNSCSNSTNKSSTTINTQLLPPPPPPPPISLNKSGVNLTNQQQNEEFNSKFNKDWKIFLKVEVSAKNANIMVGDLNSKNELVLLMNSSLLINSQFGTEGLMKIILEYQCIKGLIGNKTKDPIYSTKNPSATTMSFISASSRDLGAQKNTTHYLWKELKKSSKLFLETFKTNIQVCLVPEGNQFYFCELNDLSLVFSGKAYKYLLDIYECVSDIIYGVSKSKDITNNNLVQKHSRSSSISTDLPIPINLRRSSIISTNLMQQQQQQQQQQQQQQQQQQQQQQQQQQNNNNNQNNQASSNNNNNNNNNVSGNTINNKSVPNVHDKTKNQFYQIKTRSVEMLRAHQTRVTEKYQASLPSNGKIAETEENENGDHTFTSDDDDDEGEDEDIGEGFSLDHSTSSAPTSRSNYNNINEPMIDLKSSKKQDDSNMVTKIQFSQISISIKNLNIIIMDDLSKHKMNTPIFNMKLNYGFMKAVLKTTRIEVEFDSVFQMNYFNNRIAYWEPFIEPWLFKSMMTLGKELSIDIYSTDLLNINFTIPLMDNISLFLRTYSKEFGYPFNLICAPSDSNNTDNSSNNGKKSHSNRHSLIGQIKKIKEKKTKTSYSPFFIRNRTGSRLRYRLETQDGKPVAGVNHKMEGSTVRVVNIENYGLFFELDSGDCSPIKFLPDVQINLETFSQLVLAVELLGVEKSISIPLDKIKIYDYQVYLDSSTSTKLYANIGIKNGTKLITIQFPIVLKNLTSFPIDIATVTSGFGDTQMPNYSTTIRVGQARAPLPINRMRNVQIKFKPSGDQYKWSTEALDVNNVIEGEDKFSCILKNGEKIYYIKGYIFKKNQCFIIKLCHMLKVKNLLPYPIQFKLKSPIENIPLLKRETQATVQDQEKTEVYEIPLLDKFKIQVRIADKDGTFEKSEWSEIRSIVEREDNNEIGVITISDSNNLIVDYLHLNVEFESYKGEKKIVFYNQYWIFNKSGLNLYCKKSYHSKDYSESQTHFNHPLQQLDSSNTNTTIKPSDAIIVTPDQWYSHQLIKESPLLFSFKKLKDMENSIRIRVGDSKWSHKISIAAIGDRGTIVIDSSEKRHSRSYHLGLSVDLAPNLKTKIVVFTPRFVFHNLFPYTILVQQCGANTDSTTIRIPPSCSVPFYYFINNTGESSKPTLKFKIDYQEFDWSPPFSIQTFSDFTFNVFNNNNNDNVENYKQPDIHCNPYIRIKTCLEVATILVIISELKEPPYRILNNTKYQLSIQQKKVGKVLTVEPSSSIPYVWDLPLEDHILEVLVHISTNQSEKASYKMDKIKTFRPMEFNDDHNPVVIKAIVEADESTRVLTLSDKTSFQISKYEEENLRQSFRIHFTGIGISVINANPTELLYVSIHDILCEYFISSFLQKLEMKITNIQVDNQLSKVTPYSHPVLLFADNLLPNTPFLQVRIVRSMKMKNIDYYHHVSLKMQELNIKVEEKFLYVLLDFFNSLDFSFWTGNKKTNTLHNMDMLTPMYNEDIGEGFIDEMVARALPSIYGKKMYFESLDIEPISMFLTFDLSNKSGSIASLEQAPMVKAFRRIGFVIVSFQHAHIFLHGFSLSHAFGSNEELLAPIFNHYFSEGLSEVYKILGAFNLFGNPVGLVTNFGIGFKEFFVSMGKGLVGNSFTDSFGQGSKSLAKHSVYGIFDSGAKLTGSAGKVLSTLSMDQRYILERQYIIGESPNTFMQGLILGGRAAKTAVYRGFSGFVKLPYEGGKEAGPKGVVKGIGKGTAGLVLKPIAAGFDFASKVSEGIKNSTQLSIERKRIRFPRPLFSDSPLETYDSAESYGHFLFLTYIITAGKLRRISADQINLPLMEVVSKDEKYVSHLIYKNRKTLLFTNKRIIYLYDTDGFRTKFDIKYTRIHGVSEKSDHIDIKIDKKHKLSFLYNEKNKKIDYRIKCVGEEKSYIFYRIIEMIKTYKPFADEELTVNGLKADPTTMIPIPPPPPPPLQQQLLYGSNIIQQQPPIQYFNDGSSSSSNLTGGRTIQPIIFTNDAGPMRNDLNPILENLLAQQPNKNMEIPIWISQGFNPPKPPDTLIPQRFRDPNLINNNNNYYYPNGSGYVYSQPPLYDQYGNQIPPPPPLPSHPLAIDRPTTTTTTNTTTTPYQSSQNIHSTPYPTETPQSVVLKEDISKAIHTPSASSLKKLKTPHHYNVRFEPSSSLGPQDFDIHTIRLQNQQYQHSGSGAPPPPPIITTTTNSTIPPPSSNINQRQLQHQFSSNSIIETPRYKSMARQQQFQQPPPPPPLPSNNRLSLTPSGSGNINYSDKFEVALNTIIQIQKIQSQQMSSLQKNQRDLQKLLFQQQSTEFDTLRNQQEQIQNIISQYHPLSPSKASLVSKLSNELESTNSNVVISPPTGGASN,Q55EI3
37,Trans-Golgi,MWIERNLIASILLFSTSAYAAFKPRIVKKEFDDLLNPIYFNDSSTVLGLVDQTLLISNDDGKSWTNLQEVITPGEIDPLTIVNIEFNPSASKAFVFTASKHYLTLDKGSTWKEFQIPLEKYGNRIAYDVEFNFVNEEHAIIRTRSCKRRFDCKDEYFYSLDDLQSVDKITISDEIVNCQFSQSSTSSDSRKNDAITCVTRKLDSNRHFLESNVLTTLNFFKDVTSLPASDPLTKMLIKDIRVVQNYIVLFVSSDRYNKYSPTLLFISKDGNTFKEASLPDSEGTSPSVHFLKSPNPNLIRAIRLGKKNSLDGGGFYSEVLQSDSTGLHFHVLLDHLEANLLSYYQIENLANLEGIWIANQIDTSSKFGSKSVITFDAGLTWSPVTVDEDEDKSLHIIAFAGENSLYESKFPVSTPGIALRIGLIGDSSDALDIGSYRTFLTRDAGLTWSQVFDNVSVCGFGNYGNIILCCSYDPLLRSEPLKFRYSLDQGLNWESIDLGFNGVAVGVLNNIDNSSPQFLVMTIATDGKSSKAQHFLYSVDFSDAYEKKICDVTKDELFEEWTGRIDPVTKLPICVNGHKEKFRRRKADAECFSGELFQDLTPIEEPCDCDPDIDYECSLGFEFDAESNRCEPNLSILSSHYCVGKNLKRKVKVDRKSKVAGTKCKKDVKLKDNSFTLDCSKTSEPDLSEQRIVSTTISFEGSPVQYIYLKQGTNTTLLDETVILRTSLRTVYVSHNGGTTFDRVSIEDDVSFIDIYTNHYFPDNVYLITDTDELYVSDNRAISFQKVDMPSRAGLELGVRALTFHKSDPNKFIWFGEKDCNSIFDRSCQTQAYITEDNGLSFKPLLENVRSCYFVGTTFDSKLYDFDPNLIFCEQRVPNQRFLKLVASKDYFYDDKEELYPKIIGIATTMSFVIVATINEDNRSLKAFITADGSTFAEQLFPADLDFGREVAYTVIDNWESKTPNFFFHLTTSEDKDLEFGALLKSNYNGTTYTLAANNVNRNDRGYVDYEIVLNLNGIALINTVINSKELESEQSLETAKKLKTQITYNDGSEWVYLKPPTIDSEKNKFSCVKDKLSLEKCSLNLKGATDRPDSRDSISSGSAVGLLFGVGNVGEYLNQDSSGLALYFSKDAGISWKEIAKGDYMWEFGDQGTILVIVEFKKKVDTLKYSLDEGETWFDYKFANEKTYVLDLATVPSDTSRKFIILANRGEEGDHETVVHTIDFSKVHQRQCLLNLQDSNAGDDFEYWSPKNPSAVDGCMLGHEESYLKRIASHSDCFIGNAPLSEKYKVIKNCACTRRDYECDYNFALANDGTCKLVEGESPLDYSEVCRRDPTSIEYFLPTGYRKVGLSTCEGGLELDNWNPVPCPGKTREFNRKYGTGATGYKIVVIVAVPLLVLLSATWFLYEKGIKRNGGFARFGVIRLGEDDDDDLQMIEENNTDKVVNVVVKGLIHAFRAVFVSYLFFRKRAAKMFGGSSFSHRHILPQDEDAQAFLASDLESESGELFRYASDDDDAREIDSVIEGGIDVEDDDEENINFDSR,C4R192
38,Trans-Golgi,MAYRDRTGLYITFRQSYSHHGQRLELSGWDPKEERQSLVHKDNKDNTVIEMDMLAPRWVTVEGEIDSLLLNTRRNINLLDKQYAKHVLPSFSDKTEQENEIQRLTIQITQDFQRCQKLLQVTKAQTNSATGSEALMAKNFLSNLASRIQTESAQFRKKQSTYLKKLRGLNANISPVESKLDETVSDVAISQSTIQQVALMEEQGEDEQAIRHERAVAKIAEGIIELAQMFQDLQVLVIEQGALVDRIDFNIEQTQVHAKSAEKELIKAESHQKNTGRLRFICFLILLIVALIVILAIKLLR,Q9P6P1
39,Trans-Golgi,MNDDRETPPKRKPGEDDTLFDIDFLDDTTSHSGSRSKVTNSHANANYIPPSHVLPEETIDLDADDDNIENDVHENLFMSNNHDDQTSWNANRFDSDAYQPQSLRAVKPPGLFARFGNGLKNAFTFKRKKGPESFEMNHYNAVTNNELDDNYLDSRNKFNIKILFNRYILRKNVGDAEGNGEPRVIHINDSLANSSFGYSDNHISTTKYNFATFLPKFLFQEFSKYANLFFLCTSAIQQVPHVSPTNRYTTIGTLLVVLIVSAMKECIEDIKRANSDKELNNSTAEIFSEAHDDFVEKRWIDIRVGDIIRVKSEEPIPADTIILSSSEPEGLCYIETANLDGETNLKIKQSRVETAKFIDVKTLKNMNGKVVSEQPNSSLYTYEGTMTLNDRQIPLSPDQMILRGATLRNTAWIFGLVIFTGHETKLLRNATATPIKRTAVEKIINRQIIALFTVLIVLILISSIGNVIMSTADAKHLSYLYLEGTNKAGLFFKDFLTFWILFSNLVPISLFVTVELIKYYQAFMIGSDLDLYYEKTDTPTVVRTSSLVEELGQIEYIFSDKTGTLTRNIMEFKSCSIAGHCYIDKIPEDKTATVEDGIEVGYRKFDDLKKKLNDPSDEDSPIINDFLTLLATCHTVIPEFQSDGSIKYQAASPDEGALVQGGADLGYKFIIRKPNSVTVLLEETGEEKEYQLLNICEFNSTRKRMSAIFRFPDGSIKLFCKGADTVILERLDDEANQYVEATMRHLEDYASEGLRTLCLAMRDISEGEYEEWNSIYNEAATTLDNRAEKLDEAANLIEKNLILIGATAIEDKLQDGVPETIHTLQEAGIKIWVLTGDRQETAINIGMSCRLLSEDMNLLIINEETRDDTERNLLEKINALNEHQLSTHDMNTLALVIDGKSLGFALEPELEDYLLTVAKLCKAVICCRVSPLQKALVVKMVKRKSSSLLLAIGDGANDVSMIQAAHVGVGISGMEGMQAARSADIAVGQFKFLKKLLLVHGSWSYQRISVAILYSFYKNTALYMTQFWYVFANAFSGQSIMESWTMSFYNLFFTVWPPFVIGVFDQFVSSRLLERYPQLYKLGQKGQFFSVYIFWGWIINGFFHSAIVFIGTILIYRYGFALNMHGELADHWSWGVTVYTTSVIIVLGKAALVTNQWTKFTLIAIPGSLLFWLIFFPIYASIFPHANISREYYGVVKHTYGSGVFWLTLIVLPIFALVRDFLWKYYKRMYEPETYHVIQEMQKYNISDSRPHVQQFQNAIRKVRQVQRMKKQRGFAFSQAEEGGQEKIVRMYDTTQKRGKYGELQDASANPFNDNNGLGSNDFESAEPFIENPFADGNQNSNRFSSSRDDISFDI,P39524
40,Trans-Golgi,MNNSEDPFQQVVKDTKEQLNRINNYITRHNTAGDDDQEEEIQDILKDVEETIVDLDRSIIVMKRDENEDVSGREAQVKNIKQQLDALKLRFDRRIQESTQTTIPLEETVENSTLNTSMAENNDGGMSNPFQEQMLREQDVHLDGIHKTMQNLHIQAQTMGDELENQGQLLDNMDEGMDGVVNKLARGRRQLEWVYEKNKEKYDDCCIGLLIVVLIVLLVLAFIA,Q03322
41,Trans-Golgi,MRVRGALQAAALLASALWAAPLLAKDHPTFKTTKLDTQPNNLNYFEGSDTILFHDTHKSNLWRSDDAGATWSVVKDIPDGKVARLYMHDFDSKRAFAITDGRKHYRTTDQGKTWKTFEVDAAWDTERFDILHFHATDPDRIIFNGLHCLGFLCEEVSLYTIDDFETPAKPLRPDTLGCWWAKSSPVFTTGDSDLDKDRILCIIMGVDSIFSEDRRLVISDDFFKADKEGNIQEFEPNLAGDKPVRGVVNVAAVKRYFMVATTSANTDEMALFISTDTKKWQRAMFPNAHDDHDHKIVQEAYTVLESTNYSIQLNVMTGSKSAPMGIMFTSNYDGTYFSENLEYTNLNMFGHVDFEKIAGIQGIFLVNKVDNGKEVDEKPSTKKKLVSEITFDDGRTFDKVTADGKRIHLHSVTELNNVGRVFSSPAPGLVMANGNTGDYLGDYWEDANLYVSDDAGKTWKKALKGPHKYEFGDQGSILVAVRDSKEEDISEISYSLDHGENWVDEKLPDDLKIQPWILTTTPDSTGLQFVLIGKAKGAWHVIHIDFEGLHEATCKESDMEEWHARVDKDGEPTCIMGHTQTYPRRKKDAKCFLKKEFKLAEVETKDCDCTDQDYECDYNFERNDKGICVSRGPIPIPEGACKEGDRNGKFLGTSGYRKIPGNTCKDTKETKDKYKDVERSCGDGIGAPPDEATGELQQVDTKGKFGHWTHWEKHYLERGESSSDSSETIIMRGMNRTVDDSGPKVGPIWRTTDHGKKWDKVDFFKDDEVISIVPHPTVKDWVFFLTEGKKLIYTPDRGKRFRTFEVPQPADFEAAANGIFPLIFHPDKPNWLIWLGKKCESKNDCYRVAYGTKDGERWETLARDVYRCEFTGAEAYGRKYANRALEQILCLKHEKEGDNDSALQLVSSNDWFNQDERVRLKEAKEFATMAEFIVVATEDTEKKTLRAYASLDGSLYSEAKFPFGFEVPHQHAYTVLDSSTHAVNLFVATRMEGDKSLGTILKSNSNGTSYVVSVKNVNCDQYFYVDFEKMVGLEGVALVNVVVNPDAKSSAPKKLQTKITHNDGAQWAYLPTPRKDEFGKFPCSSSGTEKCALHIQGYTQRRDRGKTYSSEGAVGVMFGWGNVGDSLGSIKDADTFMTTDAGITWKRVKKGRWNWALGDQGSIIVLVPIRGQKTDTLEYSLDQGATWKKHTFSKEKVDIWDLTTTRSGNSQNFLIWGENSDGLFTTKIDFTKFTDHVCKYDPENLSKSDYQIFSPKHPLQPDGCLFGHVSQYLRKKPGLKCFNDFRLDPLYSKQNCTCTRSDFECDFNYELDKHGQCSLVSGLKPKDHKLWCKEHPDEIEYYEPTGFRRIPLTTCQGGLDFEKAAAVHPCPGHEDDFERKHRVSGIAIFFAVVLPVAAASAIGWWVYRHWDGKFGQIRLGEQGASTMEFFDADRPWVKYPVIALSAVVALAGAMPLVLGALWRTAKSTAERWGIGGGGGGRGGWSRLDGGGASRTFRTRDSFARGRGDYTIVDEDEGELLGEESDEEV,Q7SH60
42,Trans-Golgi,MPYLGSEDVVKELKKALCNPHIQADRLRYRNVIQRVIRHMTQGLDMSDVFMEMVKASATVDIVQKKLVYLYMGTYAPLKPDLALLAINTLCKDCSDPNPMVRGLALRSMCSLRMPGVQEYIQQPVVNGLRDKASYVRRVAVLGCAKMHNLHGDSEVDGALVNELYSLLRDQDPIVVVNCLRSLEEILKQEGGVVINKPIAHHLLNRMSKLDQWGQAEVLNFLLRYQPLSEEELFDILNLLDSYLKSSSTGVVMGATKLFLILAKKFPHVQTDVLVRVKGPLLAACSSESRELCFAALCHVRQVLHSLPGHFSSHYKKFFCSYSEPHYIKLQKVEVLCELVNDENVQQVLEELRGYCTDVSADFAQAAIFAIGNIAKTYTDQCVQILTELLGLRQEHITTVVVQTFRDLVWLCPQCTEAVCQALPGCEENIQDSEGKQALIWLLGVHGEKIPNAPYVLEDFVQSVKSETFPAVKMELLTALMRLFLSRPAECQDVLGRLLLYCIQEEKDMAVRDRGLFYYRLLLVGIDKTKQILCSPKSDPSLGLSEDQPERPVNSWASDFNTLAPVYGKAHWATISKCQKIEPHRLELPHNASFATSGHLIAEENKEGAQEPPDSGALVLVPNLQLTAECFEKTWLSLTVSYHQVLPWQGEVQPDTLQMALKVVNIQTIAMSKPGAQPWKAYLSAQDGTGGLFLTELLLKPENSEVQISVKQSEARTEALRGFVSVLETVIGTVGDIKS,Q9WV76
43,Trans-Golgi,MPTQLQRPLARLLALALLVLLARAAEDEPPFCAVRNRSTGSYIDLSPLASNVSGTPPNWLVRGWQYGANFTLGVCTSPLGDGPAAYYSDTGRRVSIGRVATTPRYTGKKLTLTYEGGDLCPNRVDRKSSLLYFVCDRDIHTIAQVSLLGVLHNCSYLFEVRSVHACAAARAAGDRSVLGIFAAILLVFAAVELARRCCAAPLRRRFRPDFPADRPRWAPAPTGWAARTRAFFARAAEPRQAIKLASSPPGHPASDMEAQNTLLDSLDVRSSGA,Q75BD5
44,Trans-Golgi,MSAGGPCPAGAGGGPGGSSCPVGVSPGGVSMFRWLEVLEKEFDKAFVDVDLLLGEIDPDQADITYEGRQKMTSLSSCFAQLCHKAQTVSQINHKLEAQLVDLRSELTETQAEKVVLEKEVHEQLLQLHSTQLQLHAKTGQSVDSGAIKAKLSVHSVEDLERELEANKTEKVKEARLEAEVKLLRKENEALRRHIAVLQAEVYGARLAAKYLDKELAGRVQQIQLLGRDMKGPAHDKLWNQLEAEIHLHRHKTVIRACRGRNDLKRPMQAPPGHDQDSLKKSQGVGPIRKVLLLKEDHEGLGISITGGKEHGVPILISEIHPGQPADRCGGLHVGDAILAVNGVNLRDTKHKEAVTILSQQRGEIEFEVVYVAPEVDSDDENVEYEDESGHRYRLYLDELEGSGNSGASCKDSSGEMKMLQGYNKKAVRDAHENGDVGAAGESPLDDTAARAAHLHSLHQKKAY,Q8BH60
45,Trans-Golgi,MGAELSLLAPTAQPIALSVYVDFLSNIQYNKPLGTSRFLKTVKGLNDQGSIVVKVLVKPNSGLDLSEWVEKLEFLRLKLLDVPNVIPYNLVIDSVRAGYLIRPFQQRTLYERVSIQPYLEPIEKKWIAFQLIHAVMECHERGQYHGDIKSENVLLTSWDMVFLTDFAPFKPIYLPGNNPSQFSFYFDTSRRNVCYVAPERFLGEGTPTQYQEVDKLTSSMDIFSLGCTVAELFLEGSVLFTLPQLFKYKKGEYTPSLSGIVDNDLRNMIQEMIDLDPRKRISAHDCLRKHRGKVFPEYFYSFLYDYMLELSTPSDHSVGNWRFDECDRRIERIYNDMGMICDKLDVNLDLNIVHSFTEEPSQNVIPMTLRLPGVEPHIPQSSKTPYDSALIILNILLHSMRNTTHSSYRIKSCDLILMISEMLSDEQKLDRCLPYLVHLLNDPSIDVQAAALKYMTQLLLLVDYLTPVNVLIFPEYILPKLASFLSTTKGSYMRMIFATILPHLAKTALKFYEMAILLGSHVEKFELLKNFENLTIQLLIDPDSSAKISLLKNILPLASVFGKDKTNDIILSHMITYLNDPDENLRVAFIESILGLSIFVGITSLENYILPLLVQTLTDNSEIVVVNVLRSFAELNNLGLIKKRYKFDLIKVSSKLLLHPNSWIRLGTLRLLISVVKDLSLTDFYCLLYPLVRPFFEYEVTNFDWATLYPCIIKPIPRSIYTLSITWALKAEKTLFWQQVKLAKPDPFGSRNSTFLLNRNSKIGESGVVSNNQIPTSPEDIGWLGKLKASGFDEKDLWKIATLRDYIFRVARSRSNIPTQENNEVTMQQMGIYPRIVFFEKGSMYETEGFVTGSSMMANYRILVNSEYSPESLTKRKTVGGVNTNHTYSGANPYILKFLECIKFRHVLDDSEEFGPSIPSATVEEGHWKFEGVLVSHLTEHTGSITSLALSPDQQYFLTGDSKGIIRLWDVLQLERNGYATSHVTVSMSSSVKDIKFIENRNSFCAVTADGEIKIFRVEINSTSSSVRSNGSPHRHESISLLREHSLEGEHISDMKFIGPNLAVTTLSCKLILFDLRDMQIAEEIQNPVSHGFITSFDLDSSQSWLLIGTSKGILDFYDLRFELLVKSWKLKSTSYPIKHITVPPAGFTCNRKSERFALINGGTNDSVTIVFDVSKGQCSELYFTETVNLNTAIDNYEVLEVDNGEERTRTSVLATEVEDRSITSLTMLGSNQFLTATFDKRVILWDTGNKANSSALISKLDDFTSSFSSVQVRPHLMAINEKIVEKDPQDIGGPKRNMASANSSTFDLHSDIITGIAVIQKPLKMLILVDRAGVINIYK,Q9UVG6
46,Trans-Golgi,MIHFVLLVSRQGKVRLTKWYSPYAQKERSKVIRELSGVILNRGPKLCNFVEWRGYKVVYKRYASLYFCMCIDQEDNELEVLEIIHHYVEILDRYFGSVCELDLIFNFHKAYYILDELLIAGELQESSKKTVARIISAQDQLVEVAKEEASSISNIIAQATNR,O23685
47,Trans-Golgi,MRSSQTLSKYIDKATDQFNLEPNLALNIEIADLINEKKGNTPREAALLILKRVNSANPTVSYLALHLLDICVKNCGYPFHFQIASEEFLNGFVSRFPNHPISRMNKIQSKMLEMLEEWNYMLCKNNRHREDFSRIHDIRELMAFRGYKFPAVDEDSIAVMKPNNSLRSAQELAREDLEAHKAKLQELLRRGTPMDLAEANALMKVIAGYDEENTEDYSALAAADLESIRSKALRVKQFLVNQTVSLEEGTLADAVESLKVYQTKIARILREENEDEYYVQKLLSLNDLLINVIEECSNSDLIHSGTNVVSSQPNVVESHVPPSSNDTKQESSLIDLMKLTEEPAVPSPSLPTNVPANQSLSMLSSLSNSMSSTSNGALNSPSYSQAAIPNTNSSLTSILQSDSLMISTQLTSVQKSSGFASYSVQFSNCSLTWPVSEVVFQVAVVKSLKLQLLPHTGDAIIAPGKQNAAHEIMNITNIPADASDLRIRWRVQWIIGTDHRVEQGESHLPL,D0MVS1
48,Trans-Golgi,MRSSQTLSKYIDKATDQFNLEPNLALNIEIADLINEKKGNTPREAALLILKRVNSANPTVSYLALHLLDICVKNCGYPFHFQIASEEFLNGFVSRFPNHPISRMNKIQSKMLEMLEEWNYMLCKNNRHREDFSRIHDIRELMAFRGYKFPAVDEDSIAVMKPNNSLRSAQELAREDLEAHKAKLQELLRRGTPMDLAEANALMKVIAGYDEENTEDYSALAAADLESIRSKALRVKQFLVNQTVSLEEGTLADAVESLKVYQTKIARILREENEDEYYVQKLLSLNDLLINVIEECSNSDLIHSGTNVVSSQPNVVESHVPPSSNDTKQESSLIDLMKLTEEPAVPSPSLPTNVPANQSLSMLSSLSNSMSSTSNGALNSPSYSQAAIPNTNSSLTSILQSDSLMISTQLTSVQKSSGFASYSVQFSNCSLTWPVSEVVFQVAVVKSLKLQLLPHTGDAIIAPGKQNAAHEIMNITNIPADASDLRIRWRVQWIIGTDHRVEQGESHLPL,Q10410
49,Trans-Golgi,MLEGLVAGLLNKILGSYVDNLDTKQLNIGVWGGHVSLHNLRIKPEALDKLGIPIEITSGLIGTFTLEIPWSNLRNKSLTINIEDIYLSIHPQAKNSLTRDELEQSQQALKQEQLDSFEILRKNFRETLEESSSNPNISRKQSFIEYLIAKLTDNIQIYIERIHLRFEDNLSDLEKPYSLGLTLYSLRVTSTDASFTEYLLSTDPIPSSCIHKIITVDYFSIYWISKCEISKCTTTEDIFSYLKNLIPSAEKSPAYNYILKPLRATAHVVLFRHPTDQIMQLRGKLSVEEISITLSDHMYYSLLGVIDYFRVVMKQQYYLQYRPKSTPKEKPLEWFKYAILVVKDSVHESRYHWTWKYFKRRRDDRIAYMHIIRKRYLNEQISKEEIDLQKKIEKRNSTYDLIKYRSRVHTSLIEERNSIYLKPKTSAAHGLYDWFSGYIRKPQSQDEDTLASTDKTAADLTDQEQKEFFSAIEWSGQLYPDTVNLDPDMCMANVEVSIAKGSFVIQSHINGRVIPLIKQRFESFATECFIRPQSLKLKVSLKDLDMFDGITNPELEPARVIFAKPSVEESESLQKIPEAYRTHLFFLLLDTKPVYKASSTLIVHLRTLVIIYNRVCIESLLAFFVPPRTKIEHVSEWGYSAAAKVMTLARQTRASLDYALEMHKTSDMTIDLQAPLIVVREECTDLKSPTLFLDVGRALVHTQLVDDAIIDKFRKLQSKKINNEQLKQLENLMYDKFTISLFNVRCLIGPDYETGWRCLPKGCDYHILKECSLDINFEISILQKATNLTKFKVSSHMKHAEIMFSDVQYKVFINMMSNILPTLPVAEIPFTYQQFLDAVKPPPFFDAPDNFQITHTSLGSHANENTAAQFMAQQIFAFYFKVDYAICSLYRRSENYLIPVVRAFTEFYIDLVVRKFDYLVTSKLNDLVIKEFTYPSSLCDNVLVRSSPSPKNNFDDTVFISYTSIDYDSPELDSVYEGVRTTIAVVLSDLILNVEPTGFSFVYDFIRATFTSLNDEYMIGEDPELTRKISPVEGIIPEDANVRFDNVDIFLYDCDQHFSTVCLYSANMHMEFREKFFLQARFYDLEVKNHMKSNNPPKTIVKIDDNDLFIFKYESYDIPKDISKPTCDCVYDISFGSLTFYFQKSYFNAIYDFLLKLKRFQELFSSIRYAIYYKLYGNKVSLTYPKFELRIKHPKVYFDDVLDEERNCRMQLIVKPQSFYAFSKCPIVEKNSKKSIFSCEITKVEFHTAVPSSSHHDVLMEENNVHLDLTYDANYTTGAYVFKATGDLDPVILNMCQSHHVIFWDLIDVATTFARVDSSFYTSENLRRELDKAFDRSGTAAKLKHPKKTVVETLDILTTFNLPEIRLNVHTDDFWIHGGDLTQLHSILSFFGFSLDYNFYSSGRCYAEFSIDSIQLKDCNPQDNVVFLDVLEYSENHNRLVNGCLEYDSQNPRYNLVLDIDSPKIFVNLNYLYSIWSIFVHWHRAYYSHLDYLTEVEYFIMGNPNQNACGEESYWYYRITFVDMTLLFFRNVSDANLYSLPMFFGELLITQQSIFAVTANNMKINACPLSETANISNQLADPFGFRYTYSQHTVNKIQIITNITLDFDSFVLRTTVNDFLFLQTILRKIYNFYYALYDVPTTDVELLKRTKDDQLATNPDFLQLSVDTGQPSSVFGIRICKEEFLLTVDGIRLLVISQLHDLPLLNINIKPFQVDLNDWSSELNSNAHLELFMNFYNFSNSHWEPFLEPWKVGVHISRNPNTSKTAVHVFSREKLDLVITPQLIETLHFGFTKVISTPFPIEFKCDAPYRIHNYTGHAVSVWADFENAADSCVRHLENNEETDWKFEEWRQMQDVVKQDQDRSYIGFHFENSKWESLRHVRVNRVGEHIYPLISYDQDELKHYMVVDVNLGEDYIKHITLRSPLLLINETQMEIDVVFCDSDGIQRSQIYHMSPEESCSLPIETAYYYSIHIRPVSEFKFNWTSEAISWKDLVDNKQSLVTCQHSDNTFSTPACRFAANAELKSQTISNHYPFMHITISALLEVKNLLPIDLNIRIIDKDQEGVWMSNVGIGECAYVHSINISHVLLLQAESSESHYLPSSLATIITNDSAQERDEYMTITLQGGRKTRLGLSYTEKYPGIYHIEIFSPYIIINKSGSFLFVGPKNDYNRISFSSASLSSGEDGKVVPCMFSYSHNYGSRRCRLRADNSNWSEPVSFDAIGSVFEVELPSKEDHNKVYRLGIFVETGPDGYSKTNIVTITSRFIVRNKTRWSLVIAEPYNDFIAEIAPEGEEFLTYLRKHSHPMLKLSSSDCYLWSSSFYIEEIGSTHVRLMTSEGEKLLRLEIVIKNATIFISIFEETGDWPYYIKNESGVLLKFWQVNPIDASEGKNNTALLKYHDIPPHSEVKYSWDYPCCANKEIALCYGDQKCLTTLAEIGPLSPFKFTDASNNTKFISRDIVANGLSKILILKDYDPSKAVRKPKIYSKVSTEERDFNLEQFDSGIDLSVKFLLEGIGISLVERNTQELAYLTFHGINLFFTDSHLIRTFKLDVRWIQIDNQLYGGIYPIILYPSILSQEDTMNDNSLLPTFHSMVAVVKNDTYGVTYVKYATILLQELTIEIDEDFAFAALEYIKDSVPRSKRNTGKMFDDSLELVPENLGNDLKVYFEVLNLQPTEMHLSFVRTERINNTDGTVVSSHNPFVFFVNVLSMAIGNINDAPVRLNALLMDNAHVSLRRLFELVKNHYSQELLSQVHKIVGSADFLGNPVGLFTTITSGFADIFYEPFHGFILNEGSYELGIGFAKGTASFIKKAVFGITDSISKVTGTISRSLSVITLDPKFQSRRRAARIRNRPVHILYGVTAGAASLYTGVRSGVRGLALQPIIGARRNGLPGLVKGLGKGLVGFTTKPLVGLFDFASSISEGARNTTTVFDERHIEKLRLSRLMSDDGVVYPFQLREALGQYWLKHLDNGRYFKDFYKAHIIIENKVLVILTNNRILFVQPQQLNCKKEIHL,P87319
50,Trans-Golgi,MDPVCWICKDDYSIEKNYCNCKNEYKVVHDECMKKWIQYSRERSCKLCNKEYNIISVRKPFSQWVFSIKDCKKSAILYATLFLCTFIISLVLTRINITKIIDTSKNDVSFKLVTMIFYLLPFVITCISFITLIVYLYKYCKISAKNNTYDTIYEL,P32225
51,Trans-Golgi,MLLSVFIILINTLFVLAIPPKEGSDNNPSKKYLVTDLPGLYENVKPKISVPLMFSGQLELYPENNTHYFFWKFVDSELNQDTSKKTIFWLNGGPGCSSMDGALLETGPFRIDENEKVIYNNGSWHKFGDIIYVDQPAGTGFSFTNEYITDLDQVAWYFLKFMEEYYKLFPNEINNEIYFAGESYAGQYIPYIADAILKRNKNLKENDVKYDLKGILIGNGWVSPNQQSLSYLPFFINHGLIDKSHPRWGSLLSKHEKCQKIVNKIDGHFDEADVHPYEVNSATCESILTDLLNYSQDRESDSDHRCINMYDYTLRDSYPSCGMNWPFELKYVAPFLRKEEVMHDLNLVDLKYWRECSGKVGRMFGARNSLPAVHLLPNISQEIPIILFNGANDIICNSDGVLSYLDKLQWGGKVGFTNKDDQINWIYDNKEVGYILMERNISFINIYNSSHMVPYDLPDVSRALMDLVSGKYEEKEKDGKREFITYPLGEVRNKLGQEIPADESSKPIEDKPDDKPIEDKPEETKPEQTKPEDETSSSTSEIIPTSEASFIPEPEESTSSKFTRLIQLGVIFIIFWGVYILYVSYRARPSSIIKKPARSTNSSGRKKNVQWADQLNRFEEDENELGSPPPQGIIAKTISKITGNTSNRGRYAPAGDGSREFTDDIELGEGISDPNVDEFIIGSDDDEDDDEDVETHEGNPKKTESKS,C5MFP8
52,Trans-Golgi,MLSAIWTGFVTLFLCSFVQGAPADNVLPSAASFYVPSIPGIIPNPDYRLQIYAGHLPAESNKTLLASNDVTAHLYFVMVKNRRVADKERVVFWFNGGPGCSSFDGLMMEVGPWRWDGQPEGKESFIVKEGGWEEYTTMVFVDQPPGTGFSFTSTDQYAKTMKDAQWHILEFLRNFYQVFPEVLTMDTYLAGESFAGQWIPYFADAILESSLQIPLRGIAIGNGWMDARRQYLSYLDYSLKMGLIKDNSEDWKEVKAAHDRCEAHLEKLEGDPIHIRECGSIIMKVINQKRPDNEKGEKMCLNMYDVRFTDTSPACGLNWPPEMHAITHFLGRKDVVRALHAERHPGSWVECRRPVHRAFKDGEEESSITVLPRVLSKIPVLIFAGDQDLICNYVGLENMIKSLTWNGETGLGTVETQSWSVNSTATGTWVESRNLTYVKIFNASHMAPFDLPHVTHDMMLRFMGVNFSSIVGGSAMIPSSLGDAAKPVFVGGHLPQPSTPALPAGKTPEQDKAMWEAYYNAGSAALVLVLIMLVIGLFIWYRRRKSRLQLPSNQSGELAEESIPLRSEMEDRGGNGVSNGGAWKGKARASEPVFEVGDSDEDEPSPYRKPDGGGDRNV,A8NYP0
53,Trans-Golgi,MEGSKTSNNSTMQVSFVCQRCSQPLKLDTSFKILDRVTIQELTAPLLTTAQAKPGETQEEETNSGEEPFIETPRQDGVSRRFIPPARMMSTESANSFTLIGEASDGGTMENLSRRLKVTGDLFDIMSGQTDVDHPLCEECTDTLLDQLDTQLNVTENECQNYKRCLEILEQMNEDDSEQLQMELKELALEEERLIQELEDVEKNRKIVAENLEKVQAEAERLDQEEAQYQREYSEFKRQQLELDDELKSVENQMRYAQTQLDKLKKTNVFNATFHIWHSGQFGTINNFRLGRLPSVPVEWNEINAAWGQTVLLLHALANKMGLKFQRYRLVPYGNHSYLESLTDKSKELPLYCSGGLRFFWDNKFDHAMVAFLDCVQQFKEEVEKGETRFCLPYRMDVEKGKIEDTGGSGGSYSIKTQFNSEEQWTKALKFMLTNLKWGLAWVSSQFYNK,Q14457
54,Trans-Golgi,MEGSDNTNTHCWICKDEYNVSTNFCNCKNEFKIVHKNCLEEWINFSHNTKCKICNGKYNIKKNKKSCLRWKCSFMYCNVPAICVSLICLLLLPLTILLVKFNLKSMLENIENRDLIALISAMAYSLPCVVGFITVVHILIALYDYYLAAKSDNTTYQVYEYI,Q91T40
55,Trans-Golgi,MSQTDILYACVSYKGVCLVEHKIANGNFIDLARRLITKIPPTSKKIYTSENHNFHYISENDLAFLCLCHEKLGVQIPSEFLSDIRQQFIRSYGQSFSQNSPTATYDPFIRVLEERMKYYSNPKSNKMNLVMDQVSEAKGALTDAIEKTIHRGEKIEIIVDKTERLQSESFVFKSNSVALKRKLWWQNKKLAIAIGLVVCILIAVITLALLKYFKVI,Q54NW7
56,Trans-Golgi,MATVVNMDTVVNLDDVSLADKCCWICKEACDIVPNYCKCRGDNKIVHKECLEEWINTDVVKNKSCAICESPYNLKRRYKKITKWRCYKRDCHDSLLVNMSLCLIVGGMGGYLLISTEIVKLIASEEVSNIAKVFLVSASMGPFMVSALTMVRACIDCRTYFIATRERNTIHEVAEMEDVEEVEEVNDDDGDEYVDAVEEIVVESPA,Q997C2
57,Trans-Golgi,MSGNDARARVRSLPSTSSPLETRDSDEQESSSSQSQRGSRKRGPQRRATELPSAADLYVPSLPGLPDMATHPTHPLNIYAGMLPSYPGEGKVGGEGETGKDAKLYFLMAKARRNAGKERVIFWFNGGPGCSSFDGSLMEVGPFRTVPASETTTGMVEAKLVEGGWEEFATVVFVDQPPGTGYSYAATNGYLHDFDELSAHFIEFLQNFYTVFPELKGVDTYLAGESFAGQYIPFFADALINSAELPNFPLKGIAIGNGWIDPKEQYPGYVEFAYEKGLIDSGTPVSAAFVDLHKERADQMLTDQEAEEMEAALKRCQEEMDKYTDPFTTPVNIDHCGEVMDSVTRPFTQELNGKKVCMNVYDVRLVDDFPACGMNWPPDLPDVYTFLRQDEVISALHASSKETAWVECNNKVSYELNLKHSHMSAALLPSILEAGVPILMFAGAEDLICNYKGIERIVNGLEWGGEKGFANATSQEWYLNGTQVGTWQTSRGLSYAKIFDSSHMVGFDVPHVTNDMIMRFMDVDVSLLPGMISQWSSRIGDDERTMIHVGDAGEAGGVPLIKGGNTDWEAWYNAVFAFLVLGILVSIVGLYFYFRRKPVSYRSRIALKQRGRHRQSHDRDEGDTAERMPLGSERLELDDIERAEGYEFDDRDDEGYSGKGKGKGKELADDREEVMFALGDDDEDDRH,E6R6G5
58,Trans-Golgi,MVGMLFVWQTFLFVWACAAAVEVGEKPRPVIDIVRDVDNLGSIWQFKGTNTLIRHQGREILVRHGGDQWSTVKKFDQGVNTVEVDPYYPERRAFAWLENNELYKTDDCGKTWARVMHVEAEPGENLQRYSVYSNPDNYKYLMVTSHFERKDSSPVLAESYEKQWVSQDGGKTIAPLGHPDPGVYRLCHFLRQARNHDVAKDSTILCIEHDAQKHTAVLYRTDDFGKSKQALDSFDDEIVSSVGLLGKYILVTTTEDAYNKHAVQHVWVSRDGDKFQKIIFPTHIRDNFFRAVTTSTGNQIIFSIPAGKHSHSRKNALYANYISDSSGIQFHAVADSLDERYKELGPVMALDANGTLSMVARKSSTEDQVTLLSYDYGYSWQPMHLAEGEDHKALGCSKGGKECELPVQLSQLVSSSGLVGHGESATSGILMGIVLKKRGSRGPRKHKYLSVISRDYGLTWSVAFEYPVLSFAGNYGNILLACPYNPGDDGDPEEEIYYSLDQGHTWEEHHIEGKYEFVRVHSAISDGSSTAFSFLAVGDDQNTIVVDCIFTDIHNGKECTDGDMEEYKLRNGNCLNGARYTINKRKSEAACLLKNDPSVINPLVKPCDCTNADYECSLGFLGLPDKGCTADLGMLRSAGACKDNPRELMPMHKIKGNECTKDLNIEPVKVDCSAVQNRPDIEVTAHVFKTQFETYQYFNSAEDDSLMVLTKDKRALISHDSGKTFKMLDTLGSGAELITFNRYFGDLAYIFASDDVLYITDDRGYHFYAVDLPEVRHLFLPLAFHAKDNQTFIYFGGKDCEKLGPKCHSTAYITTDGGRNFREMLTGAVSCEFVGSIYSHPANKDMIMCEIENKKERRNILLRSTDEFRTSDKVFDSIIGFHTTGDFTAIAVSEGRQQVSSYLTIDGVHFNESRFPPDFVAPEKQQSYSVLSAHEGAIFLHMSKSLVKHKEYGTLVKSDSNGIDFVVLKDGVNSNAEGLVDFETPEGLDGVILINVVENLDQVQKGKAKAKHLKTAISFNDGVDWKYLSPPGKDSSGKKYPCHGKNRAKCSLNLHGYTERKDLRDTYSSGSAIGYMLGVGNVGEHLLPYEQCSTFLTTDGGVTWTEVKSTPHQWEFGDRGSIIVLVPDGVKTNSITYSVDAGRSWQDFKFADEEVIIDDIITVPYDTSMRFLLISKEHLRGKSKTYAISFAHIFKRQCEFHPGGGRHNGDFEYTSIKHPDYKCLFGKEVEFLKRIKYDCFIGNASYTKDYRTSRICPCTRQDFECDYNYIRTSDGTCKLPSGVKPEAPSAVCERNRDLVEYFQPTGYRKIPLSKCEGGLKLQRTDSPHPCPGKEKEFYEKYPSSTNASSVVFWWLLLTMVLLVPLWVIYDRGIRRNGGFSRFGEIRLDDDDLIEENGLDRAINKVVKVGAYGVAGLFGFLLLLKSKAGARIRRFRESVSSRRGPSYSSLISDQFLDDANDLLVGHDNDANNLNAFLDEDGQHFDVDDEIEGADQASYHDDVDLGRTSE,Q754Q4
59,Trans-Golgi,MRNNWNWLIFLVPFILSLTTAYTPDISVVKNKSPAREIKYFDDSSNLLVLRDEHLLISKNDGKSFEEIPDIKDPIIYFEMDPTNKNRAFAMTLSQKQYITEDQGNKWRTFEIDIFNGEMASIPKITFNFENPNYLMISNYECPEGQRLNRNCKHRYFFTKDGFKSKPNKLPVDAHVCRFAKSTKTSKIGKSETIFCTVNQLNSYGHIVESHLYNSNDFFQNKNEIKIKPLDSSSGEIIDVKIEEDFMIVVSRMDKFNEKSLINAYVSRDGENFVRADLDIDIKYGVMSFLPSSVSSLFLTIMDFNSRAFQTASFYGSDSSGLHFTKLLDNVAGGNIQKIENIDGAWIANIGVDSNNPYDGDESLLDNLFGGTYAKSIVSKVSINDGKDWSLIKLNDNSCKIEDECSLHLWDFTELDGEGKFVTGPTPGILLGVGNKGKNLAHEFEKMKTYVSRDGGVTWNKALDFPAVFAFGDQGNVILAVPYNGKKKYEAAKHFYFSLDQGKSWEKVDLEHPIYPLSILTTIDGTSRKFIIGGIDDSRRAENEYIYSVDFTNAFDGKTCGDDDFEEFVARKSNDNGNDEPLCVYGHREKFRRRKQDAKCFVNKLFEDIKVIEDPCQCTEHDFECGPGFRLSEKESTNVCVPDRKQLTQLCQSKSEITLPNKVLVEGNKCNMGDKKLEDFVSQETLKCSDYVDNGGDGNGDEKNPNQGDSNQIEVHINDFEGKLSQYQYIAESKDNNAADNVVIKTMDDRLWISNNGGVSFVRVPISDKILGFYAGPIPGQITLITATNIIYVSDDGGATFIKRKVPTQPSPRVDRAIAFHSKNVERFIWFGEECESNGRCTSNAYITDDAGATFNKLMANVRTCDYVGAVLESGDHELIYCSGQNSLDNNNNNNKNKNKLALFSLKESSSEEPKKIFENIVGYAITGTYVVVATIDDKTDSLLSKVTVDGDIFADADFPHDLKVEPHQAFTVLDSSSKAVFMHVTTNEKPNFEYGQLLKSNSNGTYFVLTLDNVNRNTVGYVDFDKIDGLEGTIIANVVANAQANEGTKNLQTLISHNDGSEWDKLVPPTIDSEGIKYPCTGQSLNKCALHLHGFTERADYRDTFSSGSATGFLIGVGNVGEFLTPMDDPSTATFLSTDGGVTWKEIKKGVYMWEYGDQGTILVLVNAVENTDVLYYSLDEGQTWKEYKFSEYKVNIYDLATVPTDTARKFIIFAENPKDHRDIQTFTIDFTNIYPRQCQLNLDDPEHDDYEYWSPTHPIGGDKCIFGHESKYLRRAKGHTDCFIGSAPLSEGYKLEKNCSCTRRDYECDYNYVRDVNDNTCKLVKGMTSADRKTTMCSKENAFQYFESTGYRKIPLSTCKGGQQFDNWNPKPCPGKEKQFNEYYGREVKGHKLFFLIFIPLIIFLATVLFVYDRGIRRNGGFKRLGQIRLNDDDDDFNPIENDQIDVVVNKIVKGGVYTVAVLIATVKTIRKIDRMMLEKLGNVIFRRSPGRRNYVSVPNDLDEEEELFGDYQDNLDDELEDAVFNQDDNLVRTPFADDVEEEEEEREGEGEGEQSNPSDERLFDIDDNEDEDEQHEVNKPTTS,C4YG73
60,Trans-Golgi,MRLLTCLINVLAGLTLFSQFQRAFGLTITRRGFKVQESDEEPFCALHHPNTGEYFDLSGLIRDNTSEKGDYSVNGYDFGTNFSINLCHPVVSNLTNYTVEGDVSSEDSIGGFFTVEDDDLYSIGQAAYKPYFRGKKLIMQLDNGSLCPKSNHIRMSTLISFTCNRDPYTAPSVITYVGNLNDCAFFFEWKTIHACPTVKKDSTLNPVSVFLLFCAIAFLAYFVGGFVYQRVVLNARGLRQIPNYEMWRSLFGFISDIVIILYSSILSILPSSITRMRGNRRNIDYVEDALIDDIDT,O59745
61,Trans-Golgi,MAATTNAGRSMASWRRLPTLIAAFTLSWASSFVAAAGSADYFVHDLPGAPDGPLVKMHAGHIEVNPENNGNLFFWHFQNKHIANKQRTVIWLNGGPGCSSEDGALMEIGPYRLKDENTLVYNDGAWNEFANVLFVDNPVGTGFSYVDTNAYIHELTEMASNFITFFGEVVCSIPRLYIAGESYAGQYIPYIAQAIIERNKNAGPVNHKWNLAGLLIGNGWISPKEQYEAYLQFAYEKGIVKKGTDLATRLENPTALCQLKITESPDKIDYTECEEILQDMLQQTAGGVGASGKPQCYNMYDVRLKDDYPSCGMAWPPDLKSVTPYLRKKEVIKALNINENKSTGWTECNGQVGLNFHPKTKPSITLLPDILSSGVPILLFSGAEDLICNHLGTEALISNMEWNGGKGFELTPGTWATRRDWTFEGEPAGFWQQARNLTYVLFYNSSHMAPFDYPRRTRDMLDRFMGVDISSIGGQPTDSRLDGEKLPETTVGGAAGNSTSNQAAEKAKLEMAKWEAYRKSGELVLVIVIVAAAIWGWFVWKDRRKTAGQGYMGVATGERHSISTNPSGSRQGNVSGRTRGQGLEGFRNKRSGRRDVEAQDFDESELDDLHLSKPEDPHADSRYSIGDASDDEDGQKPEKSSSSGQAGRS,D1ZEM2
62,Trans-Golgi,MVFEGLVSDVLSRVLGEYVKNLNKDQLKIGIFGGSVQLQNLELKEDALANLPINLPITVKKGFLGKLDLKVPWKDLKSKPVIINIDCIYALAVPQTQNYKYDEKEEAKKQAELKKKKLENYEWIKSIKDAEENEISSLQSEKSDSFTDRLVTKIIDNLQIVINKVHIRFENKNDIGKLYALGITLDKLSIQSTDEFWIPSFVDSSKSKFIKKLALMDSLGFYIDDNADSLQNLKLDEFTKAFTSLIPSSASFSLLSKYIIKPISSQLKLNINKSDIIEKSIPKILVECVMSQITCTLSSGQYQNILSILNFTNEYLRDIKYLKFRPIVKVSENPKLWWRYVGQVIVEQIREKRFSRSWEFIAQRRRARLAYIPLFKRNIPKVDWLQPLNKHELEQLNQLEERLSFEDIVYFRSLAYAEIKKETEKNKIRKQFLDSKRQERGFFQNIFNTKKDEDEKAAPKIQLSSEERDELYKTIEYNDVVSASEEPPDWVKIIGNFEIKGFAIQLVEANQVFIEALYTGLSLKFEQRNEGIKVMAGIHLFEVYDQFTKRTHFPKIIASVPTKGTGTFASVIVDTRPPDKNLDLSVELNMDPLNIIVTKPLIMKVVDFFHDPNLDITNISNRAGAHLEDIKEQAKMQLQDAIDNHKVLGLAVNIHAPVIFIPEDVINERSNILIVDLGKLVVRSDTSAFVKGSNKLAGSTSEIDLYDKFNVSFESIQVLLSDDLKSAISTGDKKPPTIGGVNDKQGHPLKHHNSIIKKFDIQLKIFSSIQQNNLTMTKLKIKGELPKFDFYLSDKKFKQLLTILNAITADIPVTSGKPKATITPINDSNSPSSVSPKLISTSPHSFSSSSAPVDVNSSNDLKKSKENIELLLNAKLVEAEFEIKSISLTLSNNQSDLIRVVFSDINVGFQQRTFDMSGTFKLSSLEIEDCFTKNTLNKLATSNPPHADRSLGKDSLVQMHFKQIQTASPEFNKIDMSIDLKIHSFYLVINPSTIYQLLKLAKSLQKDPENIDQISKAYPRLLSRNKVVPINSSEGGGTAATSPNAHLSSPNQQSPNQQSPNQQSPQIVSRKIITGTGSNSKPVGPDEKVVSSKTASGTTTRRVIIRSVRHVPKKKGPTEFVSMKFSVHINSLGLALNQDNNELLGIFTINNVSTDVSMFKDNRMLVQGRLGSIILDDLTPTISNYKQIIIPKNTSGDMLDFKYETFSMTLSNYAGYDASVNANVKSILFNANVGFLIHLQNYFLGGMLDPILKQDDSNNNNKSIEKSKSIDSKLNEQQSSSSSTSTPRSDDNHEKSERELDLEKNKKLLTSLQQNTNKHIPKMKLDIVVETPVLVIPQATRSKNSLIMELGKIIISNGWQYHDKTMAPMENMKIHLQDANITILSDNRSSYFLEKLTIDLGISKFLVPNTDPEVEDQTIDLSISHFAFYLDENQYRFFLGLSQNVQKELDLANKEVQEIKKLSNMGDPFEMGRITSNDMQYFTEQEVIQKMGKVLLRIHLVLDYVSFKISSLDAQGEIAHFIVRGIDVDVKNTDKNKTNIQLSMKSILLSDTRSNSTNIFKNLLENKVNTESVAPFLQVGYIRDNLLGDQYINVNINNTCLFLSPTPLLMISEFFMVPLSEQHDTNNMDVDLDLDLESLESELNSLMDPSIEKDDNDLQQQQQQSSSSSFIPSQQQQQQKVRSQSIIGQNRSRTSSIGGKESKTISSSISNNSLSSYPQEAGMEDEEEKEIFRSPTITFTATLVPSVTLVEDETLSTTRCLMLKTRVGVQFRRDPHGIENATVVIENTKVNIYKPSSTESENQGSRPIQILKPIEMITIKYIKENLTSTEWKQDIGISCTAMKVFFSYDDVKAILKILNNITTNLQKQQEQQKKRQLSFDNMASSSTSLPSLNKSTNSFQTSTSGNSNSGKKDEELFTNNEKLRFSCPNVSVLFINESPEMYIPIIELFFADIEASAMNWSTDLESKASMSIKGDYFNETNMKFEPVIEDWSFSVDLKKNRTGKIKGSFLATRELLNINVSHSLLQTISSAMIHVEKIDQMDAANLSSSLNASNLTTSTGSNNSSTSGSGLVQSFNGPSVLNKYLPGGEKNDSKISFHSHWISNQTGVTLEYHIPKVDSEMFQLTESSEPVSLPMKISKSRDATMGEHLNIELFIQGSKISNLSMDAVGYRIYRIGSTNEFITCEVRLRPDGSKCCYIKSMDQFENNTSLNLELKCQENGSPFSIAKHSKFSLPILVSKDLCKFWIKLENSPYWSDPIDIYKLPDHENSKLFKLQTVDKVGMFVSLVHKTIANRNCDRFNNTFKFFPPIQIENILPYPFKLSIPGTTIDKVNMGSGEKIDCHYYQPGSNLVAIVSELENFPETKHTLVSGDATSPTFTKTFKLQQNNREISLDIERTELIKGVRTLSFYCQYWLVNNSLLPIEVKLSDNQVLLVPPNLPDQLPRPPVLYSNNTIRARIPLQAEQPMNKSFCEKFPISAVGNPNTIFLTNPTRTYELSYKVDFCPNERFRLSKTVTFVPKNVICNDLPFPILVAQCVSTIDGIDKMALNFSGSGLSSSSGSNGKGVSNPVRLLGELRLDPGEYKPFHWEENVENKKISIRPITNEKNPQEWRWSGGFFVDSISDYVVKSRNTERPDHDSLLFHVNIKEKQGTHFIRIPLSSKESPPYIIQNDTQFKISFFQRDSPENIDYIEPKEKLCYGWDEPSAEYVLSVAVEGKTLKKRINVNKIKGYKLQHERTDLYITITIDGPSRVLLFSTNEKKFRSIKAWTDNKAVNLSQSQSEYHFNIRCSGIGCSIIDKTPKELAYISMKDFLIIATQSSIENTVEVKLAELQIDNQLIKTDFPVLIHTVSPDKEHRKDFLHAVIIKSTIDNIDYFRYFSTLIQEMTIELEDHWIKEVLDFVDSIPSFGRGNNASNNNNNNGMTSSQMRQSGSGLDSLTSTLYNAVSIEPPTSDSSTIKMVYFALLVLNPIKINLTLALQNDGLIKSNHKILSLVEGLGLSLTRLDRAPITLQGLLMEHPFTSRSTIIDKIKTSYIQQALRQFYNILGSVDFLGNPVGLFRNFGTGVHDFFVEPAQGLVKSPADFTKGLAKGTSSFVKNSVFGTFNTLSKLTGTLGTGVATLSFDEKYLQERKLHQARKPSHVGEGLAMGGIGLGRGILQGITGIVTKPVEGAKKGGFAGFAKGLAQGVVGVAVKPTTAVIDLATKTTEGIKNTTNLQSQAERVRPPRCFSHDNVLRPFDEVESEGWFLLKTAHKGKHASDSYIWHHIINQECTIIISDHRIILSKSKKNFLHSSFLFQIPFKFIKSNEMVDDGVLLEFDPPQNLGLLDRDVKSKVIPVDDPNVNMLLNMKLSHALKKFHDNNPNLSNSSSIKY,Q54LB8
63,Trans-Golgi,MLHHCVLHIICALFFFLPLGGADSNYAISKLGTASKSQKSLIVNFSKSRNILLLDATGTLLLSQDDGTSWQDAVSNSDPAVVEQLYQHPFEDDIVYAITKESDILVSEDAGLTWFTVTMPPKTVIEAQPFEFNARQSQSVILNAARCESGSIWTGVTCYPFTYYTYDNFRNLDSVHDSIVSCTFAVGTVEFAGQDEDQMLCLIRENDVDLQAPFNQQLISVSKGFESIDYVVFDPYYGSLGTESVVAVGQYLVAAVVDVNSKKLKLHYSTDGQIWVPITFINAPSIGSLTVTRSTSLTLGVDVESTNLKNPVGEFYTISPSDAYAVRRLNDTNRDTRGYVDVIELDYLNNTILANTVANTEDLYKRASRQKELVTKISHDGGFSWTQLERPVDLECEGDDAEDCHLHLHLGITETKFGSLSPDRLPGVIMALGSVGTHLQPLSDSDLFISEDAGRSWYLSLQGPHYYSSSAYGSVFVAVKANENSKLIYYSLDFGREWESLEVEASFRALEIIPPKSLDSLTFLIRAKVKKEESFIAIDFSSILSRECTFDEKKVANGDFELWYPFVMDDTPQCLMGRIEYYLRKKRAVSCVVRNEVPVHSFVEQICTCESKDYECSTYFEPSDHFTCEVNPESLDPLCRVDPDATLQLKPYRILLGNSCVPKKKEEKEKSISMKCPKLDHRKDIHMYHHKIQDTISNIVYMEGTGEPDSTTELLLTSSQKVLFSYDFGEEWLEFDEKKNPSFYGIYPHAFLKDTAFLLTKDRKIYFTNNKGRSFYRLDAPSPPNVVGYPVFNFHSLHPNWVMYMGSENCDDSFYEDCRSVVYLSFDSGASWQKLPDELEYCSWVLGERLLVEDKLLFCNRRRAAADSIGYDLVASTDFFETEASSIRENVLGFLLADEYVVIAALTDDETSLSMHVSVNGRNFSPCIFPQNIQVHSQQAYTILSSKTRALFIHVTLSSRKGAEWGSVLKSNSNGTYFVNVLDKVNRNELGYVDFEKVEGLESIALANVVLNSDEAFNGEEKRLGTLITFNDGIDWERLYLIDAKKHYPHCDSKCSLHFHGFTERSVFSDPTSSSAATGIIFGIGSYSYYLEPYETSQTFISRDGGVHWELIFDSPHQWAFVDSGSLLVAVPSTNKTNILYYSEDEGRSWIAYQFAEDTYLIEDLSTAPSGNSQRILVLAKGKKSSETISFTVDFSHLRSRVCVFDFNDQRDFASWTPAGRDGKPMCLFGHKTAFYRRKPGRDCFIGNTPYVSDTIISNCQCTRMDYECNYNYERIAGGTCRLVSGAEPPLQQEEQCAAEGAIEWMEPTAYKRIPLTTCEGGLVLDESTTHPCPGKEDDYHKIHPGTPVWLIIMLVLLSVFLSTIVGAWVYTKAQSYLVGAIRLGEDPADETVFAKLMTRIESVVTAVPIFFSAAYHLVRSVFVRQDRSMSLDDYDNFEGMEDAAFLEVDDIETSE,B6JY29
64,Trans-Golgi,MLHATVLPILLWLATLAYGFDRKEFLVDGNELPGFTKLKNTKHWTVPKMYAGHLPATRDNDTQYFFWKFENKKTKKNDETPLIIWLNGGPGCSSMAGALMEIGPFRLNKKAEVIKNDGSWHMRGSVLFLDQPVGTGFSYSKEDNEVSELDEVADNFMVFLQNYYATFPDDKDRELILAGESYAGQFIPYFTKAIIKFNEQQRDENSKINIKVMFIGNGWLDPKRQYLSYVPFSLEKGIIKKEDPAFKDILKQHETCQNYINSDHTGHSELSYPPCEAVLGKIISQDKTQCINVYKFDEYDSYPSCGLEWPVDTKFTKQFLTDKKVLAALHANDERSWIECRPDVKLENIKAKPAIELIPSLLESGIELILFNGNKDLICNTLGIDNVLKHLQWEGETGFTDEVQIFDWVYRDDLKSDKEKVAGTVKYERQLTLITIEDGSHMVSYDKALISRGILDMYYDDVLLVHRDGKDTLISSKDGDIDGYLEDDKSQDENKDNESEDESEDENDSDDESDGKEGDKQENKPDDSDDESDEEDDDEDEDDEDDDDDDDDDDGDDEDKKGDQNSHPSHGDMNGGLDNDLETGGEYYQDEDEEGSNFKAFFLILSLVSAFIIVAAFYISDYIKSRRHPILVDGDGRSRLNKSVTWASDIENGSFDIEDDDPEFGTEGMEDNMELEDVFSIDEEDEEQLEGVVPESTRKSKKGSKKKGKYFSVPNDDSAEDIELQDIERH,Q6FTM9
